code,year,indicator,subtype,type,value,id
AGU,2015,firearms.crime,assault.with.a.firearm,raw,36,11
AGU,2015,firearms.crime,homicide.with.a.firearm,raw,20,10
AGU,2015,homicide,homicide,raw,41,1
AGU,2015,organized.crime,extortion,raw,215.8085106,6
AGU,2015,organized.crime,kidnapping.and.human.trafficking,raw,21,7
AGU,2015,organized.crime,organized.crime,raw,162,9
AGU,2015,organized.crime,retail.drug.sales,raw,614,8
AGU,2015,violent.crime,assault,raw,10118.5,5
AGU,2015,violent.crime,family.violence,raw,1424.85,4
AGU,2015,violent.crime,robbery,raw,8222.598053,2
AGU,2015,violent.crime,sexual.assault,raw,4884,3
AGU,2016,firearms.crime,assault.with.a.firearm,raw,42,11
AGU,2016,firearms.crime,homicide.with.a.firearm,raw,21,10
AGU,2016,homicide,homicide,raw,42,1
AGU,2016,organized.crime,extortion,raw,359.6808511,6
AGU,2016,organized.crime,kidnapping.and.human.trafficking,raw,24,7
AGU,2016,organized.crime,organized.crime,raw,87,9
AGU,2016,organized.crime,retail.drug.sales,raw,717,8
AGU,2016,violent.crime,assault,raw,8180.35,5
AGU,2016,violent.crime,family.violence,raw,1914.55,4
AGU,2016,violent.crime,robbery,raw,6744.506259,2
AGU,2016,violent.crime,sexual.assault,raw,4764,3
AGU,2017,firearms.crime,assault.with.a.firearm,raw,91,11
AGU,2017,firearms.crime,homicide.with.a.firearm,raw,30,10
AGU,2017,homicide,homicide,raw,83,1
AGU,2017,organized.crime,extortion,raw,642.287234,6
AGU,2017,organized.crime,kidnapping.and.human.trafficking,raw,30,7
AGU,2017,organized.crime,organized.crime,raw,114,9
AGU,2017,organized.crime,retail.drug.sales,raw,842,8
AGU,2017,violent.crime,assault,raw,12555.2,5
AGU,2017,violent.crime,family.violence,raw,3268.6,4
AGU,2017,violent.crime,robbery,raw,9415.710709,2
AGU,2017,violent.crime,sexual.assault,raw,6492,3
AGU,2018,firearms.crime,assault.with.a.firearm,raw,82.90909091,11
AGU,2018,firearms.crime,homicide.with.a.firearm,raw,45.81818182,10
AGU,2018,homicide,homicide,raw,84,1
AGU,2018,organized.crime,extortion,raw,734.3094778,6
AGU,2018,organized.crime,kidnapping.and.human.trafficking,raw,36,7
AGU,2018,organized.crime,organized.crime,raw,100.3636364,9
AGU,2018,organized.crime,retail.drug.sales,raw,1676.727273,8
AGU,2018,violent.crime,assault,raw,14909.83636,5
AGU,2018,violent.crime,family.violence,raw,4743.6,4
AGU,2018,violent.crime,robbery,raw,11055.11797,2
AGU,2018,violent.crime,sexual.assault,raw,8064,3
BCN,2015,firearms.crime,assault.with.a.firearm,raw,0,11
BCN,2015,firearms.crime,homicide.with.a.firearm,raw,551,10
BCN,2015,homicide,homicide,raw,909,1
BCN,2015,organized.crime,extortion,raw,1552.503145,6
BCN,2015,organized.crime,kidnapping.and.human.trafficking,raw,427,7
BCN,2015,organized.crime,organized.crime,raw,1092,9
BCN,2015,organized.crime,retail.drug.sales,raw,0,8
BCN,2015,violent.crime,assault,raw,43937.88889,5
BCN,2015,violent.crime,family.violence,raw,24041.33333,4
BCN,2015,violent.crime,robbery,raw,39718.05516,2
BCN,2015,violent.crime,sexual.assault,raw,7467,3
BCN,2016,firearms.crime,assault.with.a.firearm,raw,0,11
BCN,2016,firearms.crime,homicide.with.a.firearm,raw,788,10
BCN,2016,homicide,homicide,raw,1257,1
BCN,2016,organized.crime,extortion,raw,1261.408805,6
BCN,2016,organized.crime,kidnapping.and.human.trafficking,raw,273,7
BCN,2016,organized.crime,organized.crime,raw,710,9
BCN,2016,organized.crime,retail.drug.sales,raw,1763,8
BCN,2016,violent.crime,assault,raw,37181.33333,5
BCN,2016,violent.crime,family.violence,raw,22481.2963,4
BCN,2016,violent.crime,robbery,raw,42887.48567,2
BCN,2016,violent.crime,sexual.assault,raw,6872.571429,3
BCN,2017,firearms.crime,assault.with.a.firearm,raw,268,11
BCN,2017,firearms.crime,homicide.with.a.firearm,raw,1632,10
BCN,2017,homicide,homicide,raw,2322,1
BCN,2017,organized.crime,extortion,raw,1386.163522,6
BCN,2017,organized.crime,kidnapping.and.human.trafficking,raw,280,7
BCN,2017,organized.crime,organized.crime,raw,587,9
BCN,2017,organized.crime,retail.drug.sales,raw,5745,8
BCN,2017,violent.crime,assault,raw,33382.62963,5
BCN,2017,violent.crime,family.violence,raw,23127.48148,4
BCN,2017,violent.crime,robbery,raw,48753.39542,2
BCN,2017,violent.crime,sexual.assault,raw,6772.142857,3
BCN,2018,firearms.crime,assault.with.a.firearm,raw,910.9090909,11
BCN,2018,firearms.crime,homicide.with.a.firearm,raw,2308.363636,10
BCN,2018,homicide,homicide,raw,3149.454545,1
BCN,2018,organized.crime,extortion,raw,967.7941681,6
BCN,2018,organized.crime,kidnapping.and.human.trafficking,raw,282.5454545,7
BCN,2018,organized.crime,organized.crime,raw,809.4545455,9
BCN,2018,organized.crime,retail.drug.sales,raw,7868.727273,8
BCN,2018,violent.crime,assault,raw,31515.35354,5
BCN,2018,violent.crime,family.violence,raw,27306.42424,4
BCN,2018,violent.crime,robbery,raw,39108.05548,2
BCN,2018,violent.crime,sexual.assault,raw,7245.662338,3
BCS,2015,firearms.crime,assault.with.a.firearm,raw,9,11
BCS,2015,firearms.crime,homicide.with.a.firearm,raw,124,10
BCS,2015,homicide,homicide,raw,177,1
BCS,2015,organized.crime,extortion,raw,303.5747126,6
BCS,2015,organized.crime,kidnapping.and.human.trafficking,raw,0,7
BCS,2015,organized.crime,organized.crime,raw,137,9
BCS,2015,organized.crime,retail.drug.sales,raw,604,8
BCS,2015,violent.crime,assault,raw,5671.428571,5
BCS,2015,violent.crime,family.violence,raw,6039.285714,4
BCS,2015,violent.crime,robbery,raw,2286.708696,2
BCS,2015,violent.crime,sexual.assault,raw,3140,3
BCS,2016,firearms.crime,assault.with.a.firearm,raw,37,11
BCS,2016,firearms.crime,homicide.with.a.firearm,raw,232,10
BCS,2016,homicide,homicide,raw,269,1
BCS,2016,organized.crime,extortion,raw,861.1609195,6
BCS,2016,organized.crime,kidnapping.and.human.trafficking,raw,264,7
BCS,2016,organized.crime,organized.crime,raw,94,9
BCS,2016,organized.crime,retail.drug.sales,raw,462,8
BCS,2016,violent.crime,assault,raw,7300,5
BCS,2016,violent.crime,family.violence,raw,7500,4
BCS,2016,violent.crime,robbery,raw,2709.323913,2
BCS,2016,violent.crime,sexual.assault,raw,4580,3
BCS,2017,firearms.crime,assault.with.a.firearm,raw,68,11
BCS,2017,firearms.crime,homicide.with.a.firearm,raw,691,10
BCS,2017,homicide,homicide,raw,788,1
BCS,2017,organized.crime,extortion,raw,1418.747126,6
BCS,2017,organized.crime,kidnapping.and.human.trafficking,raw,132,7
BCS,2017,organized.crime,organized.crime,raw,76,9
BCS,2017,organized.crime,retail.drug.sales,raw,644,8
BCS,2017,violent.crime,assault,raw,7375,5
BCS,2017,violent.crime,family.violence,raw,7078.571429,4
BCS,2017,violent.crime,robbery,raw,3534.897826,2
BCS,2017,violent.crime,sexual.assault,raw,4580,3
BCS,2018,firearms.crime,assault.with.a.firearm,raw,29.45454545,11
BCS,2018,firearms.crime,homicide.with.a.firearm,raw,140.7272727,10
BCS,2018,homicide,homicide,raw,197.4545455,1
BCS,2018,organized.crime,extortion,raw,1115.172414,6
BCS,2018,organized.crime,kidnapping.and.human.trafficking,raw,96,7
BCS,2018,organized.crime,organized.crime,raw,100.3636364,9
BCS,2018,organized.crime,retail.drug.sales,raw,653.4545455,8
BCS,2018,violent.crime,assault,raw,7141.558442,5
BCS,2018,violent.crime,family.violence,raw,7609.090909,4
BCS,2018,violent.crime,robbery,raw,3073.565217,2
BCS,2018,violent.crime,sexual.assault,raw,5181.818182,3
CAM,2015,firearms.crime,assault.with.a.firearm,raw,4,11
CAM,2015,firearms.crime,homicide.with.a.firearm,raw,21,10
CAM,2015,homicide,homicide,raw,59,1
CAM,2015,organized.crime,extortion,raw,278.8,6
CAM,2015,organized.crime,kidnapping.and.human.trafficking,raw,17.5,7
CAM,2015,organized.crime,organized.crime,raw,41,9
CAM,2015,organized.crime,retail.drug.sales,raw,58,8
CAM,2015,violent.crime,assault,raw,760.8064516,5
CAM,2015,violent.crime,family.violence,raw,51.67741935,4
CAM,2015,violent.crime,robbery,raw,765.2991453,2
CAM,2015,violent.crime,sexual.assault,raw,388,3
CAM,2016,firearms.crime,assault.with.a.firearm,raw,6,11
CAM,2016,firearms.crime,homicide.with.a.firearm,raw,34,10
CAM,2016,homicide,homicide,raw,91,1
CAM,2016,organized.crime,extortion,raw,147.6,6
CAM,2016,organized.crime,kidnapping.and.human.trafficking,raw,13.75,7
CAM,2016,organized.crime,organized.crime,raw,15,9
CAM,2016,organized.crime,retail.drug.sales,raw,66,8
CAM,2016,violent.crime,assault,raw,703.3870968,5
CAM,2016,violent.crime,family.violence,raw,123.4516129,4
CAM,2016,violent.crime,robbery,raw,566.7350427,2
CAM,2016,violent.crime,sexual.assault,raw,832,3
CAM,2017,firearms.crime,assault.with.a.firearm,raw,3,11
CAM,2017,firearms.crime,homicide.with.a.firearm,raw,33,10
CAM,2017,homicide,homicide,raw,71,1
CAM,2017,organized.crime,extortion,raw,188.6,6
CAM,2017,organized.crime,kidnapping.and.human.trafficking,raw,16.25,7
CAM,2017,organized.crime,organized.crime,raw,15,9
CAM,2017,organized.crime,retail.drug.sales,raw,152,8
CAM,2017,violent.crime,assault,raw,686.1612903,5
CAM,2017,violent.crime,family.violence,raw,186.6129032,4
CAM,2017,violent.crime,robbery,raw,620.5128205,2
CAM,2017,violent.crime,sexual.assault,raw,852,3
CAM,2018,firearms.crime,assault.with.a.firearm,raw,7.636363636,11
CAM,2018,firearms.crime,homicide.with.a.firearm,raw,29.45454545,10
CAM,2018,homicide,homicide,raw,76.36363636,1
CAM,2018,organized.crime,extortion,raw,143.1272727,6
CAM,2018,organized.crime,kidnapping.and.human.trafficking,raw,21.81818182,7
CAM,2018,organized.crime,organized.crime,raw,15.27272727,9
CAM,2018,organized.crime,retail.drug.sales,raw,94.90909091,8
CAM,2018,violent.crime,assault,raw,720.3519062,5
CAM,2018,violent.crime,family.violence,raw,153.4662757,4
CAM,2018,violent.crime,robbery,raw,889.025641,2
CAM,2018,violent.crime,sexual.assault,raw,946.9090909,3
COA,2015,firearms.crime,assault.with.a.firearm,raw,64,11
COA,2015,firearms.crime,homicide.with.a.firearm,raw,177,10
COA,2015,homicide,homicide,raw,340,1
COA,2015,organized.crime,extortion,raw,387,6
COA,2015,organized.crime,kidnapping.and.human.trafficking,raw,2853,7
COA,2015,organized.crime,organized.crime,raw,144,9
COA,2015,organized.crime,retail.drug.sales,raw,2331,8
COA,2015,violent.crime,assault,raw,16639.40476,5
COA,2015,violent.crime,family.violence,raw,5933.452381,4
COA,2015,violent.crime,robbery,raw,15907.86957,2
COA,2015,violent.crime,sexual.assault,raw,1345,3
COA,2016,firearms.crime,assault.with.a.firearm,raw,48,11
COA,2016,firearms.crime,homicide.with.a.firearm,raw,115,10
COA,2016,homicide,homicide,raw,247,1
COA,2016,organized.crime,extortion,raw,258,6
COA,2016,organized.crime,kidnapping.and.human.trafficking,raw,387,7
COA,2016,organized.crime,organized.crime,raw,154,9
COA,2016,organized.crime,retail.drug.sales,raw,2488,8
COA,2016,violent.crime,assault,raw,16086.30952,5
COA,2016,violent.crime,family.violence,raw,18920.2381,4
COA,2016,violent.crime,robbery,raw,8787.572464,2
COA,2016,violent.crime,sexual.assault,raw,2212.5,3
COA,2017,firearms.crime,assault.with.a.firearm,raw,60,11
COA,2017,firearms.crime,homicide.with.a.firearm,raw,119,10
COA,2017,homicide,homicide,raw,251,1
COA,2017,organized.crime,extortion,raw,236.5,6
COA,2017,organized.crime,kidnapping.and.human.trafficking,raw,180,7
COA,2017,organized.crime,organized.crime,raw,172,9
COA,2017,organized.crime,retail.drug.sales,raw,3256,8
COA,2017,violent.crime,assault,raw,15979.52381,5
COA,2017,violent.crime,family.violence,raw,24623.69048,4
COA,2017,violent.crime,robbery,raw,7674.623188,2
COA,2017,violent.crime,sexual.assault,raw,2572.5,3
COA,2018,firearms.crime,assault.with.a.firearm,raw,42.54545455,11
COA,2018,firearms.crime,homicide.with.a.firearm,raw,116.7272727,10
COA,2018,homicide,homicide,raw,250.9090909,1
COA,2018,organized.crime,extortion,raw,328.3636364,6
COA,2018,organized.crime,kidnapping.and.human.trafficking,raw,373.0909091,7
COA,2018,organized.crime,organized.crime,raw,150.5454545,9
COA,2018,organized.crime,retail.drug.sales,raw,6547.636364,8
COA,2018,violent.crime,assault,raw,17327.66234,5
COA,2018,violent.crime,family.violence,raw,27435.71429,4
COA,2018,violent.crime,robbery,raw,7251.944664,2
COA,2018,violent.crime,sexual.assault,raw,3035.454545,3
COL,2015,firearms.crime,assault.with.a.firearm,raw,9,11
COL,2015,firearms.crime,homicide.with.a.firearm,raw,143,10
COL,2015,homicide,homicide,raw,189,1
COL,2015,organized.crime,extortion,raw,96.45454545,6
COL,2015,organized.crime,kidnapping.and.human.trafficking,raw,18,7
COL,2015,organized.crime,organized.crime,raw,88,9
COL,2015,organized.crime,retail.drug.sales,raw,493,8
COL,2015,violent.crime,assault,raw,883.0285714,5
COL,2015,violent.crime,family.violence,raw,1599.942857,4
COL,2015,violent.crime,robbery,raw,1798.215517,2
COL,2015,violent.crime,sexual.assault,raw,165,3
COL,2016,firearms.crime,assault.with.a.firearm,raw,14,11
COL,2016,firearms.crime,homicide.with.a.firearm,raw,441,10
COL,2016,homicide,homicide,raw,606,1
COL,2016,organized.crime,extortion,raw,413.3766234,6
COL,2016,organized.crime,kidnapping.and.human.trafficking,raw,22.5,7
COL,2016,organized.crime,organized.crime,raw,69,9
COL,2016,organized.crime,retail.drug.sales,raw,520,8
COL,2016,violent.crime,assault,raw,743.1428571,5
COL,2016,violent.crime,family.violence,raw,591.6,4
COL,2016,violent.crime,robbery,raw,4867.525862,2
COL,2016,violent.crime,sexual.assault,raw,408,3
COL,2017,firearms.crime,assault.with.a.firearm,raw,39,11
COL,2017,firearms.crime,homicide.with.a.firearm,raw,626,10
COL,2017,homicide,homicide,raw,817,1
COL,2017,organized.crime,extortion,raw,110.2337662,6
COL,2017,organized.crime,kidnapping.and.human.trafficking,raw,27,7
COL,2017,organized.crime,organized.crime,raw,44,9
COL,2017,organized.crime,retail.drug.sales,raw,939,8
COL,2017,violent.crime,assault,raw,5239.885714,5
COL,2017,violent.crime,family.violence,raw,6699.942857,4
COL,2017,violent.crime,robbery,raw,4420.474138,2
COL,2017,violent.crime,sexual.assault,raw,1074,3
COL,2018,firearms.crime,assault.with.a.firearm,raw,46.90909091,11
COL,2018,firearms.crime,homicide.with.a.firearm,raw,567.2727273,10
COL,2018,homicide,homicide,raw,725.4545455,1
COL,2018,organized.crime,extortion,raw,353.2491145,6
COL,2018,organized.crime,kidnapping.and.human.trafficking,raw,83.45454545,7
COL,2018,organized.crime,organized.crime,raw,52.36363636,9
COL,2018,organized.crime,retail.drug.sales,raw,1108.363636,8
COL,2018,violent.crime,assault,raw,5019.98961,5
COL,2018,violent.crime,family.violence,raw,7248.623377,4
COL,2018,violent.crime,robbery,raw,3996.169279,2
COL,2018,violent.crime,sexual.assault,raw,1201.090909,3
CHP,2015,firearms.crime,assault.with.a.firearm,raw,51,11
CHP,2015,firearms.crime,homicide.with.a.firearm,raw,180,10
CHP,2015,homicide,homicide,raw,549,1
CHP,2015,organized.crime,extortion,raw,2390.8125,6
CHP,2015,organized.crime,kidnapping.and.human.trafficking,raw,720,7
CHP,2015,organized.crime,organized.crime,raw,179,9
CHP,2015,organized.crime,retail.drug.sales,raw,724,8
CHP,2015,violent.crime,assault,raw,3829.717391,5
CHP,2015,violent.crime,family.violence,raw,3073.108696,4
CHP,2015,violent.crime,robbery,raw,28388.78897,2
CHP,2015,violent.crime,sexual.assault,raw,2700,3
CHP,2016,firearms.crime,assault.with.a.firearm,raw,114,11
CHP,2016,firearms.crime,homicide.with.a.firearm,raw,202,10
CHP,2016,homicide,homicide,raw,521,1
CHP,2016,organized.crime,extortion,raw,1652.1875,6
CHP,2016,organized.crime,kidnapping.and.human.trafficking,raw,512,7
CHP,2016,organized.crime,organized.crime,raw,152,9
CHP,2016,organized.crime,retail.drug.sales,raw,436,8
CHP,2016,violent.crime,assault,raw,4539.652174,5
CHP,2016,violent.crime,family.violence,raw,4824.608696,4
CHP,2016,violent.crime,robbery,raw,29137.76978,2
CHP,2016,violent.crime,sexual.assault,raw,2820,3
CHP,2017,firearms.crime,assault.with.a.firearm,raw,125,11
CHP,2017,firearms.crime,homicide.with.a.firearm,raw,247,10
CHP,2017,homicide,homicide,raw,542,1
CHP,2017,organized.crime,extortion,raw,1574.4375,6
CHP,2017,organized.crime,kidnapping.and.human.trafficking,raw,492,7
CHP,2017,organized.crime,organized.crime,raw,153,9
CHP,2017,organized.crime,retail.drug.sales,raw,725,8
CHP,2017,violent.crime,assault,raw,4935.152174,5
CHP,2017,violent.crime,family.violence,raw,8612.565217,4
CHP,2017,violent.crime,robbery,raw,27572.15827,2
CHP,2017,violent.crime,sexual.assault,raw,3085,3
CHP,2018,firearms.crime,assault.with.a.firearm,raw,173.4545455,11
CHP,2018,firearms.crime,homicide.with.a.firearm,raw,295.6363636,10
CHP,2018,homicide,homicide,raw,630.5454545,1
CHP,2018,organized.crime,extortion,raw,2035.636364,6
CHP,2018,organized.crime,kidnapping.and.human.trafficking,raw,353.4545455,7
CHP,2018,organized.crime,organized.crime,raw,123.2727273,9
CHP,2018,organized.crime,retail.drug.sales,raw,942.5454545,8
CHP,2018,violent.crime,assault,raw,5834.01581,5
CHP,2018,violent.crime,family.violence,raw,15015.15415,4
CHP,2018,violent.crime,robbery,raw,28834.66318,2
CHP,2018,violent.crime,sexual.assault,raw,3608.181818,3
CHH,2015,firearms.crime,assault.with.a.firearm,raw,279,11
CHH,2015,firearms.crime,homicide.with.a.firearm,raw,716,10
CHH,2015,homicide,homicide,raw,1151,1
CHH,2015,organized.crime,extortion,raw,127.2658228,6
CHH,2015,organized.crime,kidnapping.and.human.trafficking,raw,80,7
CHH,2015,organized.crime,organized.crime,raw,332,9
CHH,2015,organized.crime,retail.drug.sales,raw,3064,8
CHH,2015,violent.crime,assault,raw,18906,5
CHH,2015,violent.crime,family.violence,raw,36035.61702,4
CHH,2015,violent.crime,robbery,raw,10274.01575,2
CHH,2015,violent.crime,sexual.assault,raw,6717,3
CHH,2016,firearms.crime,assault.with.a.firearm,raw,331,11
CHH,2016,firearms.crime,homicide.with.a.firearm,raw,984,10
CHH,2016,homicide,homicide,raw,1470,1
CHH,2016,organized.crime,extortion,raw,289.2405063,6
CHH,2016,organized.crime,kidnapping.and.human.trafficking,raw,88,7
CHH,2016,organized.crime,organized.crime,raw,358,9
CHH,2016,organized.crime,retail.drug.sales,raw,4791,8
CHH,2016,violent.crime,assault,raw,17505.44681,5
CHH,2016,violent.crime,family.violence,raw,35119.53191,4
CHH,2016,violent.crime,robbery,raw,7415.637795,2
CHH,2016,violent.crime,sexual.assault,raw,6513,3
CHH,2017,firearms.crime,assault.with.a.firearm,raw,408,11
CHH,2017,firearms.crime,homicide.with.a.firearm,raw,1318,10
CHH,2017,homicide,homicide,raw,2012,1
CHH,2017,organized.crime,extortion,raw,208.2531646,6
CHH,2017,organized.crime,kidnapping.and.human.trafficking,raw,98,7
CHH,2017,organized.crime,organized.crime,raw,456,9
CHH,2017,organized.crime,retail.drug.sales,raw,8019,8
CHH,2017,violent.crime,assault,raw,19936.59574,5
CHH,2017,violent.crime,family.violence,raw,34009.65957,4
CHH,2017,violent.crime,robbery,raw,9217.259843,2
CHH,2017,violent.crime,sexual.assault,raw,7245,3
CHH,2018,firearms.crime,assault.with.a.firearm,raw,501.8181818,11
CHH,2018,firearms.crime,homicide.with.a.firearm,raw,1566.545455,10
CHH,2018,homicide,homicide,raw,2268,1
CHH,2018,organized.crime,extortion,raw,100.9712313,6
CHH,2018,organized.crime,kidnapping.and.human.trafficking,raw,91.63636364,7
CHH,2018,organized.crime,organized.crime,raw,366.5454545,9
CHH,2018,organized.crime,retail.drug.sales,raw,7584,8
CHH,2018,violent.crime,assault,raw,18408.18569,5
CHH,2018,violent.crime,family.violence,raw,33767.02515,4
CHH,2018,violent.crime,robbery,raw,7209.156764,2
CHH,2018,violent.crime,sexual.assault,raw,8361.818182,3
DIF,2015,firearms.crime,assault.with.a.firearm,raw,1254,11
DIF,2015,firearms.crime,homicide.with.a.firearm,raw,498,10
DIF,2015,homicide,homicide,raw,901,1
DIF,2015,organized.crime,extortion,raw,4723.91623,6
DIF,2015,organized.crime,kidnapping.and.human.trafficking,raw,1038.333333,7
DIF,2015,organized.crime,organized.crime,raw,655,9
DIF,2015,organized.crime,retail.drug.sales,raw,1522,8
DIF,2015,violent.crime,assault,raw,34268.65714,5
DIF,2015,violent.crime,family.violence,raw,48999.12857,4
DIF,2015,violent.crime,robbery,raw,172549.6024,2
DIF,2015,violent.crime,sexual.assault,raw,3768.285714,3
DIF,2016,firearms.crime,assault.with.a.firearm,raw,1304,11
DIF,2016,firearms.crime,homicide.with.a.firearm,raw,628,10
DIF,2016,homicide,homicide,raw,1035,1
DIF,2016,organized.crime,extortion,raw,4502.136126,6
DIF,2016,organized.crime,kidnapping.and.human.trafficking,raw,921.6666667,7
DIF,2016,organized.crime,organized.crime,raw,446,9
DIF,2016,organized.crime,retail.drug.sales,raw,1405,8
DIF,2016,violent.crime,assault,raw,32461.2,5
DIF,2016,violent.crime,family.violence,raw,56067.68571,4
DIF,2016,violent.crime,robbery,raw,171905.8795,2
DIF,2016,violent.crime,sexual.assault,raw,4148.571429,3
DIF,2017,firearms.crime,assault.with.a.firearm,raw,1821,11
DIF,2017,firearms.crime,homicide.with.a.firearm,raw,847,10
DIF,2017,homicide,homicide,raw,1192,1
DIF,2017,organized.crime,extortion,raw,3644.586387,6
DIF,2017,organized.crime,kidnapping.and.human.trafficking,raw,557.6666667,7
DIF,2017,organized.crime,organized.crime,raw,429,9
DIF,2017,organized.crime,retail.drug.sales,raw,2625,8
DIF,2017,violent.crime,assault,raw,34302.12857,5
DIF,2017,violent.crime,family.violence,raw,55866.85714,4
DIF,2017,violent.crime,robbery,raw,221306.8313,2
DIF,2017,violent.crime,sexual.assault,raw,3223,3
DIF,2018,firearms.crime,assault.with.a.firearm,raw,1873.090909,11
DIF,2018,firearms.crime,homicide.with.a.firearm,raw,981.8181818,10
DIF,2018,homicide,homicide,raw,1365.818182,1
DIF,2018,organized.crime,extortion,raw,3774.294146,6
DIF,2018,organized.crime,kidnapping.and.human.trafficking,raw,369.0909091,7
DIF,2018,organized.crime,organized.crime,raw,446.1818182,9
DIF,2018,organized.crime,retail.drug.sales,raw,6066.545455,8
DIF,2018,violent.crime,assault,raw,34376.54026,5
DIF,2018,violent.crime,family.violence,raw,60885.91169,4
DIF,2018,violent.crime,robbery,raw,253030.0285,2
DIF,2018,violent.crime,sexual.assault,raw,5283.428571,3
DUR,2015,firearms.crime,assault.with.a.firearm,raw,102,11
DUR,2015,firearms.crime,homicide.with.a.firearm,raw,170,10
DUR,2015,homicide,homicide,raw,238,1
DUR,2015,organized.crime,extortion,raw,771.7460317,6
DUR,2015,organized.crime,kidnapping.and.human.trafficking,raw,60,7
DUR,2015,organized.crime,organized.crime,raw,119,9
DUR,2015,organized.crime,retail.drug.sales,raw,314,8
DUR,2015,violent.crime,assault,raw,12753.31579,5
DUR,2015,violent.crime,family.violence,raw,10285.02632,4
DUR,2015,violent.crime,robbery,raw,9698.131524,2
DUR,2015,violent.crime,sexual.assault,raw,922.6,3
DUR,2016,firearms.crime,assault.with.a.firearm,raw,60,11
DUR,2016,firearms.crime,homicide.with.a.firearm,raw,154,10
DUR,2016,homicide,homicide,raw,238,1
DUR,2016,organized.crime,extortion,raw,605.5238095,6
DUR,2016,organized.crime,kidnapping.and.human.trafficking,raw,84,7
DUR,2016,organized.crime,organized.crime,raw,97,9
DUR,2016,organized.crime,retail.drug.sales,raw,610,8
DUR,2016,violent.crime,assault,raw,15183.63158,5
DUR,2016,violent.crime,family.violence,raw,15399.78947,4
DUR,2016,violent.crime,robbery,raw,6438.54071,2
DUR,2016,violent.crime,sexual.assault,raw,1002.4,3
DUR,2017,firearms.crime,assault.with.a.firearm,raw,45,11
DUR,2017,firearms.crime,homicide.with.a.firearm,raw,138,10
DUR,2017,homicide,homicide,raw,225,1
DUR,2017,organized.crime,extortion,raw,866.7301587,6
DUR,2017,organized.crime,kidnapping.and.human.trafficking,raw,120,7
DUR,2017,organized.crime,organized.crime,raw,155,9
DUR,2017,organized.crime,retail.drug.sales,raw,788,8
DUR,2017,violent.crime,assault,raw,16153.42105,5
DUR,2017,violent.crime,family.violence,raw,15177.78947,4
DUR,2017,violent.crime,robbery,raw,5610.91023,2
DUR,2017,violent.crime,sexual.assault,raw,917,3
DUR,2018,firearms.crime,assault.with.a.firearm,raw,41.45454545,11
DUR,2018,firearms.crime,homicide.with.a.firearm,raw,111.2727273,10
DUR,2018,homicide,homicide,raw,183.2727273,1
DUR,2018,organized.crime,extortion,raw,893.7142857,6
DUR,2018,organized.crime,kidnapping.and.human.trafficking,raw,52.36363636,7
DUR,2018,organized.crime,organized.crime,raw,145.0909091,9
DUR,2018,organized.crime,retail.drug.sales,raw,1114.909091,8
DUR,2018,violent.crime,assault,raw,13087.37799,5
DUR,2018,violent.crime,family.violence,raw,16774.27751,4
DUR,2018,violent.crime,robbery,raw,5810.776238,2
DUR,2018,violent.crime,sexual.assault,raw,986.6181818,3
GUA,2015,firearms.crime,assault.with.a.firearm,raw,784,11
GUA,2015,firearms.crime,homicide.with.a.firearm,raw,684,10
GUA,2015,homicide,homicide,raw,978,1
GUA,2015,organized.crime,extortion,raw,72.77777778,6
GUA,2015,organized.crime,kidnapping.and.human.trafficking,raw,143,7
GUA,2015,organized.crime,organized.crime,raw,306,9
GUA,2015,organized.crime,retail.drug.sales,raw,3060,8
GUA,2015,violent.crime,assault,raw,51247.82609,5
GUA,2015,violent.crime,family.violence,raw,44773.91304,4
GUA,2015,violent.crime,robbery,raw,29638.56061,2
GUA,2015,violent.crime,sexual.assault,raw,5823,3
GUA,2016,firearms.crime,assault.with.a.firearm,raw,852,11
GUA,2016,firearms.crime,homicide.with.a.firearm,raw,807,10
GUA,2016,homicide,homicide,raw,1110,1
GUA,2016,organized.crime,extortion,raw,29.11111111,6
GUA,2016,organized.crime,kidnapping.and.human.trafficking,raw,102.6666667,7
GUA,2016,organized.crime,organized.crime,raw,183,9
GUA,2016,organized.crime,retail.drug.sales,raw,3684,8
GUA,2016,violent.crime,assault,raw,51256.52174,5
GUA,2016,violent.crime,family.violence,raw,48404.34783,4
GUA,2016,violent.crime,robbery,raw,38104.16667,2
GUA,2016,violent.crime,sexual.assault,raw,4818,3
GUA,2017,firearms.crime,assault.with.a.firearm,raw,1032,11
GUA,2017,firearms.crime,homicide.with.a.firearm,raw,1276,10
GUA,2017,homicide,homicide,raw,1435,1
GUA,2017,organized.crime,extortion,raw,29.11111111,6
GUA,2017,organized.crime,kidnapping.and.human.trafficking,raw,121,7
GUA,2017,organized.crime,organized.crime,raw,196,9
GUA,2017,organized.crime,retail.drug.sales,raw,6567,8
GUA,2017,violent.crime,assault,raw,56839.13043,5
GUA,2017,violent.crime,family.violence,raw,48926.08696,4
GUA,2017,violent.crime,robbery,raw,46002.12121,2
GUA,2017,violent.crime,sexual.assault,raw,4530,3
GUA,2018,firearms.crime,assault.with.a.firearm,raw,1024.363636,11
GUA,2018,firearms.crime,homicide.with.a.firearm,raw,2732.727273,10
GUA,2018,homicide,homicide,raw,3281.454545,1
GUA,2018,organized.crime,extortion,raw,103.2121212,6
GUA,2018,organized.crime,kidnapping.and.human.trafficking,raw,84,7
GUA,2018,organized.crime,organized.crime,raw,211.6363636,9
GUA,2018,organized.crime,retail.drug.sales,raw,8640,8
GUA,2018,violent.crime,assault,raw,66991.30435,5
GUA,2018,violent.crime,family.violence,raw,45699.60474,4
GUA,2018,violent.crime,robbery,raw,56522.97521,2
GUA,2018,violent.crime,sexual.assault,raw,5341.090909,3
GRO,2015,firearms.crime,assault.with.a.firearm,raw,281,11
GRO,2015,firearms.crime,homicide.with.a.firearm,raw,1300,10
GRO,2015,homicide,homicide,raw,2017,1
GRO,2015,organized.crime,extortion,raw,3815.625,6
GRO,2015,organized.crime,kidnapping.and.human.trafficking,raw,258.2857143,7
GRO,2015,organized.crime,organized.crime,raw,484,9
GRO,2015,organized.crime,retail.drug.sales,raw,349,8
GRO,2015,violent.crime,assault,raw,19807.2973,5
GRO,2015,violent.crime,family.violence,raw,9359.189189,4
GRO,2015,violent.crime,robbery,raw,24980.14332,2
GRO,2015,violent.crime,sexual.assault,raw,7980,3
GRO,2016,firearms.crime,assault.with.a.firearm,raw,416,11
GRO,2016,firearms.crime,homicide.with.a.firearm,raw,1481,10
GRO,2016,homicide,homicide,raw,2234,1
GRO,2016,organized.crime,extortion,raw,5062.0625,6
GRO,2016,organized.crime,kidnapping.and.human.trafficking,raw,256,7
GRO,2016,organized.crime,organized.crime,raw,528,9
GRO,2016,organized.crime,retail.drug.sales,raw,416,8
GRO,2016,violent.crime,assault,raw,21562.43243,5
GRO,2016,violent.crime,family.violence,raw,10181.62162,4
GRO,2016,violent.crime,robbery,raw,29024.48208,2
GRO,2016,violent.crime,sexual.assault,raw,6924,3
GRO,2017,firearms.crime,assault.with.a.firearm,raw,282,11
GRO,2017,firearms.crime,homicide.with.a.firearm,raw,1694,10
GRO,2017,homicide,homicide,raw,2543,1
GRO,2017,organized.crime,extortion,raw,4553.3125,6
GRO,2017,organized.crime,kidnapping.and.human.trafficking,raw,187.4285714,7
GRO,2017,organized.crime,organized.crime,raw,360,9
GRO,2017,organized.crime,retail.drug.sales,raw,381,8
GRO,2017,violent.crime,assault,raw,17652.43243,5
GRO,2017,violent.crime,family.violence,raw,12630.54054,4
GRO,2017,violent.crime,robbery,raw,38644.37785,2
GRO,2017,violent.crime,sexual.assault,raw,6792,3
GRO,2018,firearms.crime,assault.with.a.firearm,raw,425.4545455,11
GRO,2018,firearms.crime,homicide.with.a.firearm,raw,1724.727273,10
GRO,2018,homicide,homicide,raw,2525.454545,1
GRO,2018,organized.crime,extortion,raw,5688.75,6
GRO,2018,organized.crime,kidnapping.and.human.trafficking,raw,179.5324675,7
GRO,2018,organized.crime,organized.crime,raw,278.1818182,9
GRO,2018,organized.crime,retail.drug.sales,raw,262.9090909,8
GRO,2018,violent.crime,assault,raw,18971.49877,5
GRO,2018,violent.crime,family.violence,raw,13377.7887,4
GRO,2018,violent.crime,robbery,raw,33063.82707,2
GRO,2018,violent.crime,sexual.assault,raw,6021.818182,3
HID,2015,firearms.crime,assault.with.a.firearm,raw,32,11
HID,2015,firearms.crime,homicide.with.a.firearm,raw,71,10
HID,2015,homicide,homicide,raw,158,1
HID,2015,organized.crime,extortion,raw,268.8865979,6
HID,2015,organized.crime,kidnapping.and.human.trafficking,raw,49.5,7
HID,2015,organized.crime,organized.crime,raw,54,9
HID,2015,organized.crime,retail.drug.sales,raw,111,8
HID,2015,violent.crime,assault,raw,9542.75,5
HID,2015,violent.crime,family.violence,raw,5867.346154,4
HID,2015,violent.crime,robbery,raw,6177.646919,2
HID,2015,violent.crime,sexual.assault,raw,4984,3
HID,2016,firearms.crime,assault.with.a.firearm,raw,66,11
HID,2016,firearms.crime,homicide.with.a.firearm,raw,74,10
HID,2016,homicide,homicide,raw,176,1
HID,2016,organized.crime,extortion,raw,518.5670103,6
HID,2016,organized.crime,kidnapping.and.human.trafficking,raw,51,7
HID,2016,organized.crime,organized.crime,raw,32,9
HID,2016,organized.crime,retail.drug.sales,raw,187,8
HID,2016,violent.crime,assault,raw,11386.84615,5
HID,2016,violent.crime,family.violence,raw,7872.576923,4
HID,2016,violent.crime,robbery,raw,9427.990521,2
HID,2016,violent.crime,sexual.assault,raw,6440,3
HID,2017,firearms.crime,assault.with.a.firearm,raw,155,11
HID,2017,firearms.crime,homicide.with.a.firearm,raw,110,10
HID,2017,homicide,homicide,raw,236,1
HID,2017,organized.crime,extortion,raw,857.8762887,6
HID,2017,organized.crime,kidnapping.and.human.trafficking,raw,40.5,7
HID,2017,organized.crime,organized.crime,raw,20,9
HID,2017,organized.crime,retail.drug.sales,raw,256,8
HID,2017,violent.crime,assault,raw,16146.71154,5
HID,2017,violent.crime,family.violence,raw,11297.32692,4
HID,2017,violent.crime,robbery,raw,16331.48104,2
HID,2017,violent.crime,sexual.assault,raw,7658,3
HID,2018,firearms.crime,assault.with.a.firearm,raw,197.4545455,11
HID,2018,firearms.crime,homicide.with.a.firearm,raw,151.6363636,10
HID,2018,homicide,homicide,raw,252,1
HID,2018,organized.crime,extortion,raw,991.737582,6
HID,2018,organized.crime,kidnapping.and.human.trafficking,raw,60.54545455,7
HID,2018,organized.crime,organized.crime,raw,39.27272727,9
HID,2018,organized.crime,retail.drug.sales,raw,285.8181818,8
HID,2018,violent.crime,assault,raw,18691.61538,5
HID,2018,violent.crime,family.violence,raw,13376.26573,4
HID,2018,violent.crime,robbery,raw,20700.68246,2
HID,2018,violent.crime,sexual.assault,raw,9094.909091,3
JAL,2015,firearms.crime,assault.with.a.firearm,raw,525,11
JAL,2015,firearms.crime,homicide.with.a.firearm,raw,597,10
JAL,2015,homicide,homicide,raw,1143,1
JAL,2015,organized.crime,extortion,raw,6637.258824,6
JAL,2015,organized.crime,kidnapping.and.human.trafficking,raw,36,7
JAL,2015,organized.crime,organized.crime,raw,974,9
JAL,2015,organized.crime,retail.drug.sales,raw,5045,8
JAL,2015,violent.crime,assault,raw,36776.15789,5
JAL,2015,violent.crime,family.violence,raw,25928.75439,4
JAL,2015,violent.crime,robbery,raw,30246.87719,2
JAL,2015,violent.crime,sexual.assault,raw,13542,3
JAL,2016,firearms.crime,assault.with.a.firearm,raw,573,11
JAL,2016,firearms.crime,homicide.with.a.firearm,raw,713,10
JAL,2016,homicide,homicide,raw,1288,1
JAL,2016,organized.crime,extortion,raw,5315.882353,6
JAL,2016,organized.crime,kidnapping.and.human.trafficking,raw,40.5,7
JAL,2016,organized.crime,organized.crime,raw,694,9
JAL,2016,organized.crime,retail.drug.sales,raw,2245,8
JAL,2016,violent.crime,assault,raw,43028.4386,5
JAL,2016,violent.crime,family.violence,raw,35528.73684,4
JAL,2016,violent.crime,robbery,raw,33940.89357,2
JAL,2016,violent.crime,sexual.assault,raw,20412,3
JAL,2017,firearms.crime,assault.with.a.firearm,raw,823,11
JAL,2017,firearms.crime,homicide.with.a.firearm,raw,945,10
JAL,2017,homicide,homicide,raw,1580,1
JAL,2017,organized.crime,extortion,raw,4351.429412,6
JAL,2017,organized.crime,kidnapping.and.human.trafficking,raw,22.5,7
JAL,2017,organized.crime,organized.crime,raw,610,9
JAL,2017,organized.crime,retail.drug.sales,raw,1849,8
JAL,2017,violent.crime,assault,raw,44269.78947,5
JAL,2017,violent.crime,family.violence,raw,28906.17544,4
JAL,2017,violent.crime,robbery,raw,72012.13801,2
JAL,2017,violent.crime,sexual.assault,raw,19476,3
JAL,2018,firearms.crime,assault.with.a.firearm,raw,829.0909091,11
JAL,2018,firearms.crime,homicide.with.a.firearm,raw,1515.272727,10
JAL,2018,homicide,homicide,raw,2404.363636,1
JAL,2018,organized.crime,extortion,raw,5782.575401,6
JAL,2018,organized.crime,kidnapping.and.human.trafficking,raw,40.90909091,7
JAL,2018,organized.crime,organized.crime,raw,829.0909091,9
JAL,2018,organized.crime,retail.drug.sales,raw,2386.909091,8
JAL,2018,violent.crime,assault,raw,40059.84689,5
JAL,2018,violent.crime,family.violence,raw,27342.27751,4
JAL,2018,violent.crime,robbery,raw,74173.01435,2
JAL,2018,violent.crime,sexual.assault,raw,17928,3
MEX,2015,firearms.crime,assault.with.a.firearm,raw,714,11
MEX,2015,firearms.crime,homicide.with.a.firearm,raw,1443,10
MEX,2015,homicide,homicide,raw,2362,1
MEX,2015,organized.crime,extortion,raw,5757.393939,6
MEX,2015,organized.crime,kidnapping.and.human.trafficking,raw,1044,7
MEX,2015,organized.crime,organized.crime,raw,318,9
MEX,2015,organized.crime,retail.drug.sales,raw,7523,8
MEX,2015,violent.crime,assault,raw,140686.3333,5
MEX,2015,violent.crime,family.violence,raw,17046.11111,4
MEX,2015,violent.crime,robbery,raw,300295.8893,2
MEX,2015,violent.crime,sexual.assault,raw,4568.333333,3
MEX,2016,firearms.crime,assault.with.a.firearm,raw,742,11
MEX,2016,firearms.crime,homicide.with.a.firearm,raw,1464,10
MEX,2016,homicide,homicide,raw,2315,1
MEX,2016,organized.crime,extortion,raw,8636.090909,6
MEX,2016,organized.crime,kidnapping.and.human.trafficking,raw,1244,7
MEX,2016,organized.crime,organized.crime,raw,260,9
MEX,2016,organized.crime,retail.drug.sales,raw,5272,8
MEX,2016,violent.crime,assault,raw,144166.7222,5
MEX,2016,violent.crime,family.violence,raw,21455.05556,4
MEX,2016,violent.crime,robbery,raw,310006.7273,2
MEX,2016,violent.crime,sexual.assault,raw,6460,3
MEX,2017,firearms.crime,assault.with.a.firearm,raw,1422,11
MEX,2017,firearms.crime,homicide.with.a.firearm,raw,1619,10
MEX,2017,homicide,homicide,raw,2427,1
MEX,2017,organized.crime,extortion,raw,9166.606061,6
MEX,2017,organized.crime,kidnapping.and.human.trafficking,raw,944,7
MEX,2017,organized.crime,organized.crime,raw,275,9
MEX,2017,organized.crime,retail.drug.sales,raw,0,8
MEX,2017,violent.crime,assault,raw,178726.6111,5
MEX,2017,violent.crime,family.violence,raw,26880.66667,4
MEX,2017,violent.crime,robbery,raw,485502.6502,2
MEX,2017,violent.crime,sexual.assault,raw,6590,3
MEX,2018,firearms.crime,assault.with.a.firearm,raw,1479.272727,11
MEX,2018,firearms.crime,homicide.with.a.firearm,raw,1797.818182,10
MEX,2018,homicide,homicide,raw,2720.727273,1
MEX,2018,organized.crime,extortion,raw,11508.46281,6
MEX,2018,organized.crime,kidnapping.and.human.trafficking,raw,864,7
MEX,2018,organized.crime,organized.crime,raw,345.8181818,9
MEX,2018,organized.crime,retail.drug.sales,raw,1975.636364,8
MEX,2018,violent.crime,assault,raw,149117.2727,5
MEX,2018,violent.crime,family.violence,raw,26163.45455,4
MEX,2018,violent.crime,robbery,raw,425023.9878,2
MEX,2018,violent.crime,sexual.assault,raw,7296.363636,3
MIC,2015,firearms.crime,assault.with.a.firearm,raw,269,11
MIC,2015,firearms.crime,homicide.with.a.firearm,raw,516,10
MIC,2015,homicide,homicide,raw,963,1
MIC,2015,organized.crime,extortion,raw,531.0540541,6
MIC,2015,organized.crime,kidnapping.and.human.trafficking,raw,219.3333333,7
MIC,2015,organized.crime,organized.crime,raw,686,9
MIC,2015,organized.crime,retail.drug.sales,raw,1136,8
MIC,2015,violent.crime,assault,raw,14384.04545,5
MIC,2015,violent.crime,family.violence,raw,2637.409091,4
MIC,2015,violent.crime,robbery,raw,20321.49144,2
MIC,2015,violent.crime,sexual.assault,raw,7337,3
MIC,2016,firearms.crime,assault.with.a.firearm,raw,471,11
MIC,2016,firearms.crime,homicide.with.a.firearm,raw,1000,10
MIC,2016,homicide,homicide,raw,1476,1
MIC,2016,organized.crime,extortion,raw,195.0810811,6
MIC,2016,organized.crime,kidnapping.and.human.trafficking,raw,172.6666667,7
MIC,2016,organized.crime,organized.crime,raw,461,9
MIC,2016,organized.crime,retail.drug.sales,raw,1101,8
MIC,2016,violent.crime,assault,raw,15180.13636,5
MIC,2016,violent.crime,family.violence,raw,2253.681818,4
MIC,2016,violent.crime,robbery,raw,24446.55308,2
MIC,2016,violent.crime,sexual.assault,raw,6622,3
MIC,2017,firearms.crime,assault.with.a.firearm,raw,691,11
MIC,2017,firearms.crime,homicide.with.a.firearm,raw,1201,10
MIC,2017,homicide,homicide,raw,1511,1
MIC,2017,organized.crime,extortion,raw,260.1081081,6
MIC,2017,organized.crime,kidnapping.and.human.trafficking,raw,191.3333333,7
MIC,2017,organized.crime,organized.crime,raw,368,9
MIC,2017,organized.crime,retail.drug.sales,raw,2016,8
MIC,2017,violent.crime,assault,raw,20363.31818,5
MIC,2017,violent.crime,family.violence,raw,3316.090909,4
MIC,2017,violent.crime,robbery,raw,31074.89384,2
MIC,2017,violent.crime,sexual.assault,raw,7623,3
MIC,2018,firearms.crime,assault.with.a.firearm,raw,982.9090909,11
MIC,2018,firearms.crime,homicide.with.a.firearm,raw,1312.363636,10
MIC,2018,homicide,homicide,raw,1645.090909,1
MIC,2018,organized.crime,extortion,raw,35.46928747,6
MIC,2018,organized.crime,kidnapping.and.human.trafficking,raw,259.6363636,7
MIC,2018,organized.crime,organized.crime,raw,269.4545455,9
MIC,2018,organized.crime,retail.drug.sales,raw,2263.636364,8
MIC,2018,violent.crime,assault,raw,22161.42149,5
MIC,2018,violent.crime,family.violence,raw,3776.876033,4
MIC,2018,violent.crime,robbery,raw,33194.99813,2
MIC,2018,violent.crime,sexual.assault,raw,8808,3
MOR,2015,firearms.crime,assault.with.a.firearm,raw,0,11
MOR,2015,firearms.crime,homicide.with.a.firearm,raw,209,10
MOR,2015,homicide,homicide,raw,510,1
MOR,2015,organized.crime,extortion,raw,1933.967213,6
MOR,2015,organized.crime,kidnapping.and.human.trafficking,raw,133.5714286,7
MOR,2015,organized.crime,organized.crime,raw,65,9
MOR,2015,organized.crime,retail.drug.sales,raw,734,8
MOR,2015,violent.crime,assault,raw,16968.97727,5
MOR,2015,violent.crime,family.violence,raw,14210.68182,4
MOR,2015,violent.crime,robbery,raw,34070.0299,2
MOR,2015,violent.crime,sexual.assault,raw,9690,3
MOR,2016,firearms.crime,assault.with.a.firearm,raw,0,11
MOR,2016,firearms.crime,homicide.with.a.firearm,raw,436,10
MOR,2016,homicide,homicide,raw,686,1
MOR,2016,organized.crime,extortion,raw,744.6885246,6
MOR,2016,organized.crime,kidnapping.and.human.trafficking,raw,143.2857143,7
MOR,2016,organized.crime,organized.crime,raw,42,9
MOR,2016,organized.crime,retail.drug.sales,raw,843,8
MOR,2016,violent.crime,assault,raw,18709.20455,5
MOR,2016,violent.crime,family.violence,raw,15908.63636,4
MOR,2016,violent.crime,robbery,raw,30000.68012,2
MOR,2016,violent.crime,sexual.assault,raw,9580,3
MOR,2017,firearms.crime,assault.with.a.firearm,raw,0,11
MOR,2017,firearms.crime,homicide.with.a.firearm,raw,387,10
MOR,2017,homicide,homicide,raw,652,1
MOR,2017,organized.crime,extortion,raw,477.9344262,6
MOR,2017,organized.crime,kidnapping.and.human.trafficking,raw,136,7
MOR,2017,organized.crime,organized.crime,raw,50,9
MOR,2017,organized.crime,retail.drug.sales,raw,776,8
MOR,2017,violent.crime,assault,raw,16863.29545,5
MOR,2017,violent.crime,family.violence,raw,17856.70455,4
MOR,2017,violent.crime,robbery,raw,25931.33034,2
MOR,2017,violent.crime,sexual.assault,raw,10460,3
MOR,2018,firearms.crime,assault.with.a.firearm,raw,0,11
MOR,2018,firearms.crime,homicide.with.a.firearm,raw,566.1818182,10
MOR,2018,homicide,homicide,raw,792,1
MOR,2018,organized.crime,extortion,raw,230.3785395,6
MOR,2018,organized.crime,kidnapping.and.human.trafficking,raw,132.4675325,7
MOR,2018,organized.crime,organized.crime,raw,40.36363636,9
MOR,2018,organized.crime,retail.drug.sales,raw,756,8
MOR,2018,violent.crime,assault,raw,16559.38017,5
MOR,2018,violent.crime,family.violence,raw,17912.10744,4
MOR,2018,violent.crime,robbery,raw,20899.80432,2
MOR,2018,violent.crime,sexual.assault,raw,10854.54545,3
NAY,2015,firearms.crime,assault.with.a.firearm,raw,23,11
NAY,2015,firearms.crime,homicide.with.a.firearm,raw,46,10
NAY,2015,homicide,homicide,raw,91,1
NAY,2015,organized.crime,extortion,raw,13.2962963,6
NAY,2015,organized.crime,kidnapping.and.human.trafficking,raw,286,7
NAY,2015,organized.crime,organized.crime,raw,72,9
NAY,2015,organized.crime,retail.drug.sales,raw,538,8
NAY,2015,violent.crime,assault,raw,2365.758621,5
NAY,2015,violent.crime,family.violence,raw,832.3448276,4
NAY,2015,violent.crime,robbery,raw,1505.563636,2
NAY,2015,violent.crime,sexual.assault,raw,365.7142857,3
NAY,2016,firearms.crime,assault.with.a.firearm,raw,13,11
NAY,2016,firearms.crime,homicide.with.a.firearm,raw,19,10
NAY,2016,homicide,homicide,raw,43,1
NAY,2016,organized.crime,extortion,raw,66.48148148,6
NAY,2016,organized.crime,kidnapping.and.human.trafficking,raw,66,7
NAY,2016,organized.crime,organized.crime,raw,37,9
NAY,2016,organized.crime,retail.drug.sales,raw,188,8
NAY,2016,violent.crime,assault,raw,1128.413793,5
NAY,2016,violent.crime,family.violence,raw,1329.517241,4
NAY,2016,violent.crime,robbery,raw,683.6072727,2
NAY,2016,violent.crime,sexual.assault,raw,232.8571429,3
NAY,2017,firearms.crime,assault.with.a.firearm,raw,28,11
NAY,2017,firearms.crime,homicide.with.a.firearm,raw,238,10
NAY,2017,homicide,homicide,raw,354,1
NAY,2017,organized.crime,extortion,raw,13.2962963,6
NAY,2017,organized.crime,kidnapping.and.human.trafficking,raw,330,7
NAY,2017,organized.crime,organized.crime,raw,43,9
NAY,2017,organized.crime,retail.drug.sales,raw,269,8
NAY,2017,violent.crime,assault,raw,491.5862069,5
NAY,2017,violent.crime,family.violence,raw,1206.62069,4
NAY,2017,violent.crime,robbery,raw,492.36,2
NAY,2017,violent.crime,sexual.assault,raw,200,3
NAY,2018,firearms.crime,assault.with.a.firearm,raw,32.72727273,11
NAY,2018,firearms.crime,homicide.with.a.firearm,raw,291.2727273,10
NAY,2018,homicide,homicide,raw,423.2727273,1
NAY,2018,organized.crime,extortion,raw,58.02020202,6
NAY,2018,organized.crime,kidnapping.and.human.trafficking,raw,480,7
NAY,2018,organized.crime,organized.crime,raw,82.90909091,9
NAY,2018,organized.crime,retail.drug.sales,raw,349.0909091,8
NAY,2018,violent.crime,assault,raw,655.1097179,5
NAY,2018,violent.crime,family.violence,raw,1069.504702,4
NAY,2018,violent.crime,robbery,raw,781.2654545,2
NAY,2018,violent.crime,sexual.assault,raw,232.2077922,3
NLE,2015,firearms.crime,assault.with.a.firearm,raw,256,11
NLE,2015,firearms.crime,homicide.with.a.firearm,raw,231,10
NLE,2015,homicide,homicide,raw,451,1
NLE,2015,organized.crime,extortion,raw,7910.842105,6
NLE,2015,organized.crime,kidnapping.and.human.trafficking,raw,83.33333333,7
NLE,2015,organized.crime,organized.crime,raw,217,9
NLE,2015,organized.crime,retail.drug.sales,raw,1849,8
NLE,2015,violent.crime,assault,raw,36651.36364,5
NLE,2015,violent.crime,family.violence,raw,54288.18182,4
NLE,2015,violent.crime,robbery,raw,24183.69512,2
NLE,2015,violent.crime,sexual.assault,raw,9209.75,3
NLE,2016,firearms.crime,assault.with.a.firearm,raw,359,11
NLE,2016,firearms.crime,homicide.with.a.firearm,raw,358,10
NLE,2016,homicide,homicide,raw,644,1
NLE,2016,organized.crime,extortion,raw,9691.894737,6
NLE,2016,organized.crime,kidnapping.and.human.trafficking,raw,123.3333333,7
NLE,2016,organized.crime,organized.crime,raw,180,9
NLE,2016,organized.crime,retail.drug.sales,raw,1611,8
NLE,2016,violent.crime,assault,raw,37192.27273,5
NLE,2016,violent.crime,family.violence,raw,56550.45455,4
NLE,2016,violent.crime,robbery,raw,33490.43902,2
NLE,2016,violent.crime,sexual.assault,raw,9813.25,3
NLE,2017,firearms.crime,assault.with.a.firearm,raw,423,11
NLE,2017,firearms.crime,homicide.with.a.firearm,raw,428,10
NLE,2017,homicide,homicide,raw,656,1
NLE,2017,organized.crime,extortion,raw,10968.31579,6
NLE,2017,organized.crime,kidnapping.and.human.trafficking,raw,226.6666667,7
NLE,2017,organized.crime,organized.crime,raw,166,9
NLE,2017,organized.crime,retail.drug.sales,raw,2599,8
NLE,2017,violent.crime,assault,raw,36727.72727,5
NLE,2017,violent.crime,family.violence,raw,54552.27273,4
NLE,2017,violent.crime,robbery,raw,25478.6324,2
NLE,2017,violent.crime,sexual.assault,raw,9906.75,3
NLE,2018,firearms.crime,assault.with.a.firearm,raw,466.9090909,11
NLE,2018,firearms.crime,homicide.with.a.firearm,raw,547.6363636,10
NLE,2018,homicide,homicide,raw,792,1
NLE,2018,organized.crime,extortion,raw,8613.818182,6
NLE,2018,organized.crime,kidnapping.and.human.trafficking,raw,265.4545455,7
NLE,2018,organized.crime,organized.crime,raw,228,9
NLE,2018,organized.crime,retail.drug.sales,raw,2540.727273,8
NLE,2018,violent.crime,assault,raw,31694.38017,5
NLE,2018,violent.crime,family.violence,raw,53378.18182,4
NLE,2018,violent.crime,robbery,raw,22845.1739,2
NLE,2018,violent.crime,sexual.assault,raw,12430.09091,3
OAX,2015,firearms.crime,assault.with.a.firearm,raw,37,11
OAX,2015,firearms.crime,homicide.with.a.firearm,raw,146,10
OAX,2015,homicide,homicide,raw,233,1
OAX,2015,organized.crime,extortion,raw,284.4,6
OAX,2015,organized.crime,kidnapping.and.human.trafficking,raw,38,7
OAX,2015,organized.crime,organized.crime,raw,149,9
OAX,2015,organized.crime,retail.drug.sales,raw,36,8
OAX,2015,violent.crime,assault,raw,2111.108108,5
OAX,2015,violent.crime,family.violence,raw,1653.567568,4
OAX,2015,violent.crime,robbery,raw,4077.428571,2
OAX,2015,violent.crime,sexual.assault,raw,2412,3
OAX,2016,firearms.crime,assault.with.a.firearm,raw,266,11
OAX,2016,firearms.crime,homicide.with.a.firearm,raw,680,10
OAX,2016,homicide,homicide,raw,935,1
OAX,2016,organized.crime,extortion,raw,418.7,6
OAX,2016,organized.crime,kidnapping.and.human.trafficking,raw,118,7
OAX,2016,organized.crime,organized.crime,raw,60,9
OAX,2016,organized.crime,retail.drug.sales,raw,324,8
OAX,2016,violent.crime,assault,raw,13825.21622,5
OAX,2016,violent.crime,family.violence,raw,8976.891892,4
OAX,2016,violent.crime,robbery,raw,15715.18681,2
OAX,2016,violent.crime,sexual.assault,raw,11808,3
OAX,2017,firearms.crime,assault.with.a.firearm,raw,308,11
OAX,2017,firearms.crime,homicide.with.a.firearm,raw,779,10
OAX,2017,homicide,homicide,raw,1023,1
OAX,2017,organized.crime,extortion,raw,671.5,6
OAX,2017,organized.crime,kidnapping.and.human.trafficking,raw,124,7
OAX,2017,organized.crime,organized.crime,raw,60,9
OAX,2017,organized.crime,retail.drug.sales,raw,246,8
OAX,2017,violent.crime,assault,raw,13972.37838,5
OAX,2017,violent.crime,family.violence,raw,11277.97297,4
OAX,2017,violent.crime,robbery,raw,20995.71429,2
OAX,2017,violent.crime,sexual.assault,raw,11004,3
OAX,2018,firearms.crime,assault.with.a.firearm,raw,403.6363636,11
OAX,2018,firearms.crime,homicide.with.a.firearm,raw,955.6363636,10
OAX,2018,homicide,homicide,raw,1224,1
OAX,2018,organized.crime,extortion,raw,1249.636364,6
OAX,2018,organized.crime,kidnapping.and.human.trafficking,raw,231.2727273,7
OAX,2018,organized.crime,organized.crime,raw,82.90909091,9
OAX,2018,organized.crime,retail.drug.sales,raw,340.3636364,8
OAX,2018,violent.crime,assault,raw,19410.81081,5
OAX,2018,violent.crime,family.violence,raw,15298.05405,4
OAX,2018,violent.crime,robbery,raw,24845.03497,2
OAX,2018,violent.crime,sexual.assault,raw,15761.45455,3
PUE,2015,firearms.crime,assault.with.a.firearm,raw,317,11
PUE,2015,firearms.crime,homicide.with.a.firearm,raw,321,10
PUE,2015,homicide,homicide,raw,565,1
PUE,2015,organized.crime,extortion,raw,2636.363636,6
PUE,2015,organized.crime,kidnapping.and.human.trafficking,raw,272,7
PUE,2015,organized.crime,organized.crime,raw,143,9
PUE,2015,organized.crime,retail.drug.sales,raw,3133,8
PUE,2015,violent.crime,assault,raw,28172.57143,5
PUE,2015,violent.crime,family.violence,raw,14892.57143,4
PUE,2015,violent.crime,robbery,raw,48961.92448,2
PUE,2015,violent.crime,sexual.assault,raw,7165,3
PUE,2016,firearms.crime,assault.with.a.firearm,raw,313,11
PUE,2016,firearms.crime,homicide.with.a.firearm,raw,368,10
PUE,2016,homicide,homicide,raw,670,1
PUE,2016,organized.crime,extortion,raw,1169.586777,6
PUE,2016,organized.crime,kidnapping.and.human.trafficking,raw,130,7
PUE,2016,organized.crime,organized.crime,raw,65,9
PUE,2016,organized.crime,retail.drug.sales,raw,518,8
PUE,2016,violent.crime,assault,raw,16368.78571,5
PUE,2016,violent.crime,family.violence,raw,16558.5,4
PUE,2016,violent.crime,robbery,raw,46848.90621,2
PUE,2016,violent.crime,sexual.assault,raw,6610,3
PUE,2017,firearms.crime,assault.with.a.firearm,raw,367,11
PUE,2017,firearms.crime,homicide.with.a.firearm,raw,669,10
PUE,2017,homicide,homicide,raw,1054,1
PUE,2017,organized.crime,extortion,raw,1131.239669,6
PUE,2017,organized.crime,kidnapping.and.human.trafficking,raw,116,7
PUE,2017,organized.crime,organized.crime,raw,79,9
PUE,2017,organized.crime,retail.drug.sales,raw,713,8
PUE,2017,violent.crime,assault,raw,8827.642857,5
PUE,2017,violent.crime,family.violence,raw,18755.03571,4
PUE,2017,violent.crime,robbery,raw,73893.63216,2
PUE,2017,violent.crime,sexual.assault,raw,6260,3
PUE,2018,firearms.crime,assault.with.a.firearm,raw,401.4545455,11
PUE,2018,firearms.crime,homicide.with.a.firearm,raw,877.0909091,10
PUE,2018,homicide,homicide,raw,1311.272727,1
PUE,2018,organized.crime,extortion,raw,1725.619835,6
PUE,2018,organized.crime,kidnapping.and.human.trafficking,raw,122.1818182,7
PUE,2018,organized.crime,organized.crime,raw,97.09090909,9
PUE,2018,organized.crime,retail.drug.sales,raw,252,8
PUE,2018,violent.crime,assault,raw,9161.25974,5
PUE,2018,violent.crime,family.violence,raw,21886.12987,4
PUE,2018,violent.crime,robbery,raw,91720.51644,2
PUE,2018,violent.crime,sexual.assault,raw,8754.545455,3
QUE,2015,firearms.crime,assault.with.a.firearm,raw,0,11
QUE,2015,firearms.crime,homicide.with.a.firearm,raw,60,10
QUE,2015,homicide,homicide,raw,154,1
QUE,2015,organized.crime,extortion,raw,36.44776119,6
QUE,2015,organized.crime,kidnapping.and.human.trafficking,raw,30.66666667,7
QUE,2015,organized.crime,organized.crime,raw,122,9
QUE,2015,organized.crime,retail.drug.sales,raw,224,8
QUE,2015,violent.crime,assault,raw,11895.6,5
QUE,2015,violent.crime,family.violence,raw,2368.581818,4
QUE,2015,violent.crime,robbery,raw,13403.74638,2
QUE,2015,violent.crime,sexual.assault,raw,1947,3
QUE,2016,firearms.crime,assault.with.a.firearm,raw,7,11
QUE,2016,firearms.crime,homicide.with.a.firearm,raw,48,10
QUE,2016,homicide,homicide,raw,124,1
QUE,2016,organized.crime,extortion,raw,121.4925373,6
QUE,2016,organized.crime,kidnapping.and.human.trafficking,raw,26.66666667,7
QUE,2016,organized.crime,organized.crime,raw,135,9
QUE,2016,organized.crime,retail.drug.sales,raw,826,8
QUE,2016,violent.crime,assault,raw,14201.45455,5
QUE,2016,violent.crime,family.violence,raw,2426.290909,4
QUE,2016,violent.crime,robbery,raw,14825.74058,2
QUE,2016,violent.crime,sexual.assault,raw,2139,3
QUE,2017,firearms.crime,assault.with.a.firearm,raw,85,11
QUE,2017,firearms.crime,homicide.with.a.firearm,raw,113,10
QUE,2017,homicide,homicide,raw,194,1
QUE,2017,organized.crime,extortion,raw,109.3432836,6
QUE,2017,organized.crime,kidnapping.and.human.trafficking,raw,34.66666667,7
QUE,2017,organized.crime,organized.crime,raw,149,9
QUE,2017,organized.crime,retail.drug.sales,raw,942,8
QUE,2017,violent.crime,assault,raw,15769.63636,5
QUE,2017,violent.crime,family.violence,raw,2985.818182,4
QUE,2017,violent.crime,robbery,raw,16015.57246,2
QUE,2017,violent.crime,sexual.assault,raw,2478,3
QUE,2018,firearms.crime,assault.with.a.firearm,raw,125.4545455,11
QUE,2018,firearms.crime,homicide.with.a.firearm,raw,102.5454545,10
QUE,2018,homicide,homicide,raw,193.0909091,1
QUE,2018,organized.crime,extortion,raw,656.0597015,6
QUE,2018,organized.crime,kidnapping.and.human.trafficking,raw,46.54545455,7
QUE,2018,organized.crime,organized.crime,raw,184.3636364,9
QUE,2018,organized.crime,retail.drug.sales,raw,1133.454545,8
QUE,2018,violent.crime,assault,raw,19721.45455,5
QUE,2018,violent.crime,family.violence,raw,4718.915702,4
QUE,2018,violent.crime,robbery,raw,15196.07905,2
QUE,2018,violent.crime,sexual.assault,raw,2785.090909,3
ROO,2015,firearms.crime,assault.with.a.firearm,raw,43,11
ROO,2015,firearms.crime,homicide.with.a.firearm,raw,31,10
ROO,2015,homicide,homicide,raw,232,1
ROO,2015,organized.crime,extortion,raw,1169.508197,6
ROO,2015,organized.crime,kidnapping.and.human.trafficking,raw,374,7
ROO,2015,organized.crime,organized.crime,raw,114,9
ROO,2015,organized.crime,retail.drug.sales,raw,557,8
ROO,2015,violent.crime,assault,raw,12922,5
ROO,2015,violent.crime,family.violence,raw,9938.5,4
ROO,2015,violent.crime,robbery,raw,12112.06311,2
ROO,2015,violent.crime,sexual.assault,raw,2749.333333,3
ROO,2016,firearms.crime,assault.with.a.firearm,raw,75,11
ROO,2016,firearms.crime,homicide.with.a.firearm,raw,47,10
ROO,2016,homicide,homicide,raw,165,1
ROO,2016,organized.crime,extortion,raw,413.3606557,6
ROO,2016,organized.crime,kidnapping.and.human.trafficking,raw,264,7
ROO,2016,organized.crime,organized.crime,raw,141,9
ROO,2016,organized.crime,retail.drug.sales,raw,582,8
ROO,2016,violent.crime,assault,raw,6379.75,5
ROO,2016,violent.crime,family.violence,raw,5109,4
ROO,2016,violent.crime,robbery,raw,8043.480583,2
ROO,2016,violent.crime,sexual.assault,raw,1800,3
ROO,2017,firearms.crime,assault.with.a.firearm,raw,193,11
ROO,2017,firearms.crime,homicide.with.a.firearm,raw,207,10
ROO,2017,homicide,homicide,raw,363,1
ROO,2017,organized.crime,extortion,raw,776.3114754,6
ROO,2017,organized.crime,kidnapping.and.human.trafficking,raw,814,7
ROO,2017,organized.crime,organized.crime,raw,154,9
ROO,2017,organized.crime,retail.drug.sales,raw,333,8
ROO,2017,violent.crime,assault,raw,7247.5,5
ROO,2017,violent.crime,family.violence,raw,8567,4
ROO,2017,violent.crime,robbery,raw,14137.43204,2
ROO,2017,violent.crime,sexual.assault,raw,1749.333333,3
ROO,2018,firearms.crime,assault.with.a.firearm,raw,257.4545455,11
ROO,2018,firearms.crime,homicide.with.a.firearm,raw,501.8181818,10
ROO,2018,homicide,homicide,raw,768,1
ROO,2018,organized.crime,extortion,raw,1352.816692,6
ROO,2018,organized.crime,kidnapping.and.human.trafficking,raw,576,7
ROO,2018,organized.crime,organized.crime,raw,136.3636364,9
ROO,2018,organized.crime,retail.drug.sales,raw,510.5454545,8
ROO,2018,violent.crime,assault,raw,10448.45455,5
ROO,2018,violent.crime,family.violence,raw,13018.90909,4
ROO,2018,violent.crime,robbery,raw,20776.05119,2
ROO,2018,violent.crime,sexual.assault,raw,1800.727273,3
SLP,2015,firearms.crime,assault.with.a.firearm,raw,33,11
SLP,2015,firearms.crime,homicide.with.a.firearm,raw,130,10
SLP,2015,homicide,homicide,raw,264,1
SLP,2015,organized.crime,extortion,raw,2087.553191,6
SLP,2015,organized.crime,kidnapping.and.human.trafficking,raw,110,7
SLP,2015,organized.crime,organized.crime,raw,157,9
SLP,2015,organized.crime,retail.drug.sales,raw,142,8
SLP,2015,violent.crime,assault,raw,8406,5
SLP,2015,violent.crime,family.violence,raw,8772,4
SLP,2015,violent.crime,robbery,raw,9458.465116,2
SLP,2015,violent.crime,sexual.assault,raw,1746.666667,3
SLP,2016,firearms.crime,assault.with.a.firearm,raw,93,11
SLP,2016,firearms.crime,homicide.with.a.firearm,raw,222,10
SLP,2016,homicide,homicide,raw,341,1
SLP,2016,organized.crime,extortion,raw,3003.382979,6
SLP,2016,organized.crime,kidnapping.and.human.trafficking,raw,116.6666667,7
SLP,2016,organized.crime,organized.crime,raw,86,9
SLP,2016,organized.crime,retail.drug.sales,raw,224,8
SLP,2016,violent.crime,assault,raw,12675,5
SLP,2016,violent.crime,family.violence,raw,11790,4
SLP,2016,violent.crime,robbery,raw,11906.05039,2
SLP,2016,violent.crime,sexual.assault,raw,2002.666667,3
SLP,2017,firearms.crime,assault.with.a.firearm,raw,218,11
SLP,2017,firearms.crime,homicide.with.a.firearm,raw,339,10
SLP,2017,homicide,homicide,raw,524,1
SLP,2017,organized.crime,extortion,raw,2087.553191,6
SLP,2017,organized.crime,kidnapping.and.human.trafficking,raw,123.3333333,7
SLP,2017,organized.crime,organized.crime,raw,199,9
SLP,2017,organized.crime,retail.drug.sales,raw,269,8
SLP,2017,violent.crime,assault,raw,13413,5
SLP,2017,violent.crime,family.violence,raw,17169,4
SLP,2017,violent.crime,robbery,raw,18502.08527,2
SLP,2017,violent.crime,sexual.assault,raw,2805.333333,3
SLP,2018,firearms.crime,assault.with.a.firearm,raw,205.0909091,11
SLP,2018,firearms.crime,homicide.with.a.firearm,raw,401.4545455,10
SLP,2018,homicide,homicide,raw,567.2727273,1
SLP,2018,organized.crime,extortion,raw,1616.170213,6
SLP,2018,organized.crime,kidnapping.and.human.trafficking,raw,116.3636364,7
SLP,2018,organized.crime,organized.crime,raw,292.3636364,9
SLP,2018,organized.crime,retail.drug.sales,raw,507.2727273,8
SLP,2018,violent.crime,assault,raw,11110.90909,5
SLP,2018,violent.crime,family.violence,raw,18346.90909,4
SLP,2018,violent.crime,robbery,raw,22602.04651,2
SLP,2018,violent.crime,sexual.assault,raw,3069.090909,3
SIN,2015,firearms.crime,assault.with.a.firearm,raw,409,11
SIN,2015,firearms.crime,homicide.with.a.firearm,raw,815,10
SIN,2015,homicide,homicide,raw,994,1
SIN,2015,organized.crime,extortion,raw,1940.90625,6
SIN,2015,organized.crime,kidnapping.and.human.trafficking,raw,51.33333333,7
SIN,2015,organized.crime,organized.crime,raw,659,9
SIN,2015,organized.crime,retail.drug.sales,raw,939,8
SIN,2015,violent.crime,assault,raw,15976.92308,5
SIN,2015,violent.crime,family.violence,raw,9486.794872,4
SIN,2015,violent.crime,robbery,raw,16197.63339,2
SIN,2015,violent.crime,sexual.assault,raw,4148,3
SIN,2016,firearms.crime,assault.with.a.firearm,raw,322,11
SIN,2016,firearms.crime,homicide.with.a.firearm,raw,909,10
SIN,2016,homicide,homicide,raw,1161,1
SIN,2016,organized.crime,extortion,raw,1622.25,6
SIN,2016,organized.crime,kidnapping.and.human.trafficking,raw,84,7
SIN,2016,organized.crime,organized.crime,raw,329,9
SIN,2016,organized.crime,retail.drug.sales,raw,386,8
SIN,2016,violent.crime,assault,raw,9927.948718,5
SIN,2016,violent.crime,family.violence,raw,9423.205128,4
SIN,2016,violent.crime,robbery,raw,16049.83633,2
SIN,2016,violent.crime,sexual.assault,raw,4318,3
SIN,2017,firearms.crime,assault.with.a.firearm,raw,357,11
SIN,2017,firearms.crime,homicide.with.a.firearm,raw,1229,10
SIN,2017,homicide,homicide,raw,1557,1
SIN,2017,organized.crime,extortion,raw,753.1875,6
SIN,2017,organized.crime,kidnapping.and.human.trafficking,raw,56,7
SIN,2017,organized.crime,organized.crime,raw,535,9
SIN,2017,organized.crime,retail.drug.sales,raw,857,8
SIN,2017,violent.crime,assault,raw,9534.487179,5
SIN,2017,violent.crime,family.violence,raw,10381.02564,4
SIN,2017,violent.crime,robbery,raw,21407.47954,2
SIN,2017,violent.crime,sexual.assault,raw,3570,3
SIN,2018,firearms.crime,assault.with.a.firearm,raw,245.4545455,11
SIN,2018,firearms.crime,homicide.with.a.firearm,raw,860.7272727,10
SIN,2018,homicide,homicide,raw,1133.454545,1
SIN,2018,organized.crime,extortion,raw,1042.875,6
SIN,2018,organized.crime,kidnapping.and.human.trafficking,raw,40.72727273,7
SIN,2018,organized.crime,organized.crime,raw,476.7272727,9
SIN,2018,organized.crime,retail.drug.sales,raw,819.2727273,8
SIN,2018,violent.crime,assault,raw,11264.05594,5
SIN,2018,violent.crime,family.violence,raw,15313.56643,4
SIN,2018,violent.crime,robbery,raw,21338.19967,2
SIN,2018,violent.crime,sexual.assault,raw,5155.636364,3
SON,2015,firearms.crime,assault.with.a.firearm,raw,0,11
SON,2015,firearms.crime,homicide.with.a.firearm,raw,343,10
SON,2015,homicide,homicide,raw,613,1
SON,2015,organized.crime,extortion,raw,168.4193548,6
SON,2015,organized.crime,kidnapping.and.human.trafficking,raw,81,7
SON,2015,organized.crime,organized.crime,raw,1079,9
SON,2015,organized.crime,retail.drug.sales,raw,2587,8
SON,2015,violent.crime,assault,raw,10821.21951,5
SON,2015,violent.crime,family.violence,raw,6257.682927,4
SON,2015,violent.crime,robbery,raw,8892.833729,2
SON,2015,violent.crime,sexual.assault,raw,846.4,3
SON,2016,firearms.crime,assault.with.a.firearm,raw,121,11
SON,2016,firearms.crime,homicide.with.a.firearm,raw,343,10
SON,2016,homicide,homicide,raw,660,1
SON,2016,organized.crime,extortion,raw,1237.516129,6
SON,2016,organized.crime,kidnapping.and.human.trafficking,raw,286.5,7
SON,2016,organized.crime,organized.crime,raw,747,9
SON,2016,organized.crime,retail.drug.sales,raw,1838,8
SON,2016,violent.crime,assault,raw,12882.80488,5
SON,2016,violent.crime,family.violence,raw,10083.53659,4
SON,2016,violent.crime,robbery,raw,26761.41805,2
SON,2016,violent.crime,sexual.assault,raw,1297.6,3
SON,2017,firearms.crime,assault.with.a.firearm,raw,182,11
SON,2017,firearms.crime,homicide.with.a.firearm,raw,510,10
SON,2017,homicide,homicide,raw,759,1
SON,2017,organized.crime,extortion,raw,278.2580645,6
SON,2017,organized.crime,kidnapping.and.human.trafficking,raw,277.5,7
SON,2017,organized.crime,organized.crime,raw,587,9
SON,2017,organized.crime,retail.drug.sales,raw,936,8
SON,2017,violent.crime,assault,raw,7348.780488,5
SON,2017,violent.crime,family.violence,raw,6810.243902,4
SON,2017,violent.crime,robbery,raw,16217.15677,2
SON,2017,violent.crime,sexual.assault,raw,1060.8,3
SON,2018,firearms.crime,assault.with.a.firearm,raw,146.1818182,11
SON,2018,firearms.crime,homicide.with.a.firearm,raw,565.0909091,10
SON,2018,homicide,homicide,raw,881.4545455,1
SON,2018,organized.crime,extortion,raw,79.88269795,6
SON,2018,organized.crime,kidnapping.and.human.trafficking,raw,4.909090909,7
SON,2018,organized.crime,organized.crime,raw,434.1818182,9
SON,2018,organized.crime,retail.drug.sales,raw,691.6363636,8
SON,2018,violent.crime,assault,raw,4595.920177,5
SON,2018,violent.crime,family.violence,raw,6288.026608,4
SON,2018,violent.crime,robbery,raw,11239.0041,2
SON,2018,violent.crime,sexual.assault,raw,891.9272727,3
TAB,2015,firearms.crime,assault.with.a.firearm,raw,0,11
TAB,2015,firearms.crime,homicide.with.a.firearm,raw,45,10
TAB,2015,homicide,homicide,raw,252,1
TAB,2015,organized.crime,extortion,raw,1724.263158,6
TAB,2015,organized.crime,kidnapping.and.human.trafficking,raw,2398,7
TAB,2015,organized.crime,organized.crime,raw,41,9
TAB,2015,organized.crime,retail.drug.sales,raw,1,8
TAB,2015,violent.crime,assault,raw,16451.19718,5
TAB,2015,violent.crime,family.violence,raw,9830.28169,4
TAB,2015,violent.crime,robbery,raw,45394.61192,2
TAB,2015,violent.crime,sexual.assault,raw,2110.5,3
TAB,2016,firearms.crime,assault.with.a.firearm,raw,0,11
TAB,2016,firearms.crime,homicide.with.a.firearm,raw,106,10
TAB,2016,homicide,homicide,raw,312,1
TAB,2016,organized.crime,extortion,raw,1419.421053,6
TAB,2016,organized.crime,kidnapping.and.human.trafficking,raw,2354,7
TAB,2016,organized.crime,organized.crime,raw,30,9
TAB,2016,organized.crime,retail.drug.sales,raw,56,8
TAB,2016,violent.crime,assault,raw,15082.39437,5
TAB,2016,violent.crime,family.violence,raw,12563.23944,4
TAB,2016,violent.crime,robbery,raw,50546.64106,2
TAB,2016,violent.crime,sexual.assault,raw,2873.5,3
TAB,2017,firearms.crime,assault.with.a.firearm,raw,0,11
TAB,2017,firearms.crime,homicide.with.a.firearm,raw,219,10
TAB,2017,homicide,homicide,raw,430,1
TAB,2017,organized.crime,extortion,raw,2457.789474,6
TAB,2017,organized.crime,kidnapping.and.human.trafficking,raw,2222,7
TAB,2017,organized.crime,organized.crime,raw,14,9
TAB,2017,organized.crime,retail.drug.sales,raw,41,8
TAB,2017,violent.crime,assault,raw,13564.85915,5
TAB,2017,violent.crime,family.violence,raw,15328.73239,4
TAB,2017,violent.crime,robbery,raw,51794.28344,2
TAB,2017,violent.crime,sexual.assault,raw,3878,3
TAB,2018,firearms.crime,assault.with.a.firearm,raw,160.3636364,11
TAB,2018,firearms.crime,homicide.with.a.firearm,raw,329.4545455,10
TAB,2018,homicide,homicide,raw,561.8181818,1
TAB,2018,organized.crime,extortion,raw,1548.45933,6
TAB,2018,organized.crime,kidnapping.and.human.trafficking,raw,1152,7
TAB,2018,organized.crime,organized.crime,raw,13.09090909,9
TAB,2018,organized.crime,retail.drug.sales,raw,118.9090909,8
TAB,2018,violent.crime,assault,raw,10518.59155,5
TAB,2018,violent.crime,family.violence,raw,15142.8169,4
TAB,2018,violent.crime,robbery,raw,53898.15099,2
TAB,2018,violent.crime,sexual.assault,raw,3883.090909,3
TAM,2015,firearms.crime,assault.with.a.firearm,raw,29,11
TAM,2015,firearms.crime,homicide.with.a.firearm,raw,417,10
TAM,2015,homicide,homicide,raw,762,1
TAM,2015,organized.crime,extortion,raw,3404.42623,6
TAM,2015,organized.crime,kidnapping.and.human.trafficking,raw,1837,7
TAM,2015,organized.crime,organized.crime,raw,914,9
TAM,2015,organized.crime,retail.drug.sales,raw,854,8
TAM,2015,violent.crime,assault,raw,23881.5,5
TAM,2015,violent.crime,family.violence,raw,9546.272727,4
TAM,2015,violent.crime,robbery,raw,31714.55916,2
TAM,2015,violent.crime,sexual.assault,raw,11976,3
TAM,2016,firearms.crime,assault.with.a.firearm,raw,35,11
TAM,2016,firearms.crime,homicide.with.a.firearm,raw,559,10
TAM,2016,homicide,homicide,raw,853,1
TAM,2016,organized.crime,extortion,raw,1917.229508,6
TAM,2016,organized.crime,kidnapping.and.human.trafficking,raw,1490.5,7
TAM,2016,organized.crime,organized.crime,raw,457,9
TAM,2016,organized.crime,retail.drug.sales,raw,477,8
TAM,2016,violent.crime,assault,raw,21172.63636,5
TAM,2016,violent.crime,family.violence,raw,25222.09091,4
TAM,2016,violent.crime,robbery,raw,26913.21578,2
TAM,2016,violent.crime,sexual.assault,raw,12780,3
TAM,2017,firearms.crime,assault.with.a.firearm,raw,223,11
TAM,2017,firearms.crime,homicide.with.a.firearm,raw,728,10
TAM,2017,homicide,homicide,raw,1057,1
TAM,2017,organized.crime,extortion,raw,3296.918033,6
TAM,2017,organized.crime,kidnapping.and.human.trafficking,raw,1155,7
TAM,2017,organized.crime,organized.crime,raw,305,9
TAM,2017,organized.crime,retail.drug.sales,raw,351,8
TAM,2017,violent.crime,assault,raw,19286.31818,5
TAM,2017,violent.crime,family.violence,raw,27800.45455,4
TAM,2017,violent.crime,robbery,raw,32260.53132,2
TAM,2017,violent.crime,sexual.assault,raw,13332,3
TAM,2018,firearms.crime,assault.with.a.firearm,raw,295.6363636,11
TAM,2018,firearms.crime,homicide.with.a.firearm,raw,735.2727273,10
TAM,2018,homicide,homicide,raw,1113.818182,1
TAM,2018,organized.crime,extortion,raw,2541.102832,6
TAM,2018,organized.crime,kidnapping.and.human.trafficking,raw,840,7
TAM,2018,organized.crime,organized.crime,raw,218.1818182,9
TAM,2018,organized.crime,retail.drug.sales,raw,269.4545455,8
TAM,2018,violent.crime,assault,raw,16919.70248,5
TAM,2018,violent.crime,family.violence,raw,28248.39669,4
TAM,2018,violent.crime,robbery,raw,27940.92807,2
TAM,2018,violent.crime,sexual.assault,raw,16114.90909,3
TLA,2015,firearms.crime,assault.with.a.firearm,raw,11,11
TLA,2015,firearms.crime,homicide.with.a.firearm,raw,32,10
TLA,2015,homicide,homicide,raw,61,1
TLA,2015,organized.crime,extortion,raw,74.66666667,6
TLA,2015,organized.crime,kidnapping.and.human.trafficking,raw,28,7
TLA,2015,organized.crime,organized.crime,raw,21,9
TLA,2015,organized.crime,retail.drug.sales,raw,68,8
TLA,2015,violent.crime,assault,raw,2814.576923,5
TLA,2015,violent.crime,family.violence,raw,65.07692308,4
TLA,2015,violent.crime,robbery,raw,4970.930233,2
TLA,2015,violent.crime,sexual.assault,raw,948,3
TLA,2016,firearms.crime,assault.with.a.firearm,raw,32,11
TLA,2016,firearms.crime,homicide.with.a.firearm,raw,46,10
TLA,2016,homicide,homicide,raw,84,1
TLA,2016,organized.crime,extortion,raw,0,6
TLA,2016,organized.crime,kidnapping.and.human.trafficking,raw,20,7
TLA,2016,organized.crime,organized.crime,raw,14,9
TLA,2016,organized.crime,retail.drug.sales,raw,50,8
TLA,2016,violent.crime,assault,raw,873.1153846,5
TLA,2016,violent.crime,family.violence,raw,16.26923077,4
TLA,2016,violent.crime,robbery,raw,5983.192389,2
TLA,2016,violent.crime,sexual.assault,raw,792,3
TLA,2017,firearms.crime,assault.with.a.firearm,raw,29,11
TLA,2017,firearms.crime,homicide.with.a.firearm,raw,55,10
TLA,2017,homicide,homicide,raw,124,1
TLA,2017,organized.crime,extortion,raw,66.37037037,6
TLA,2017,organized.crime,kidnapping.and.human.trafficking,raw,40,7
TLA,2017,organized.crime,organized.crime,raw,10,9
TLA,2017,organized.crime,retail.drug.sales,raw,48,8
TLA,2017,violent.crime,assault,raw,959.8846154,5
TLA,2017,violent.crime,family.violence,raw,65.07692308,4
TLA,2017,violent.crime,robbery,raw,7595.581395,2
TLA,2017,violent.crime,sexual.assault,raw,984,3
TLA,2018,firearms.crime,assault.with.a.firearm,raw,14.18181818,11
TLA,2018,firearms.crime,homicide.with.a.firearm,raw,80.72727273,10
TLA,2018,homicide,homicide,raw,140.7272727,1
TLA,2018,organized.crime,extortion,raw,9.050505051,6
TLA,2018,organized.crime,kidnapping.and.human.trafficking,raw,63.27272727,7
TLA,2018,organized.crime,organized.crime,raw,10.90909091,9
TLA,2018,organized.crime,retail.drug.sales,raw,110.1818182,8
TLA,2018,violent.crime,assault,raw,946.5734266,5
TLA,2018,violent.crime,family.violence,raw,384.5454545,4
TLA,2018,violent.crime,robbery,raw,7741.833558,2
TLA,2018,violent.crime,sexual.assault,raw,2762.181818,3
VER,2015,firearms.crime,assault.with.a.firearm,raw,243,11
VER,2015,firearms.crime,homicide.with.a.firearm,raw,214,10
VER,2015,homicide,homicide,raw,615,1
VER,2015,organized.crime,extortion,raw,858.312,6
VER,2015,organized.crime,kidnapping.and.human.trafficking,raw,960,7
VER,2015,organized.crime,organized.crime,raw,84,9
VER,2015,organized.crime,retail.drug.sales,raw,80,8
VER,2015,violent.crime,assault,raw,14561.19048,5
VER,2015,violent.crime,family.violence,raw,11133.09524,4
VER,2015,violent.crime,robbery,raw,22476.89978,2
VER,2015,violent.crime,sexual.assault,raw,1118,3
VER,2016,firearms.crime,assault.with.a.firearm,raw,342,11
VER,2016,firearms.crime,homicide.with.a.firearm,raw,715,10
VER,2016,homicide,homicide,raw,1523,1
VER,2016,organized.crime,extortion,raw,1257.984,6
VER,2016,organized.crime,kidnapping.and.human.trafficking,raw,1160,7
VER,2016,organized.crime,organized.crime,raw,86,9
VER,2016,organized.crime,retail.drug.sales,raw,59,8
VER,2016,violent.crime,assault,raw,12433.69048,5
VER,2016,violent.crime,family.violence,raw,14443.45238,4
VER,2016,violent.crime,robbery,raw,23244.26503,2
VER,2016,violent.crime,sexual.assault,raw,1240,3
VER,2017,firearms.crime,assault.with.a.firearm,raw,566,11
VER,2017,firearms.crime,homicide.with.a.firearm,raw,1177,10
VER,2017,homicide,homicide,raw,2108,1
VER,2017,organized.crime,extortion,raw,4016.376,6
VER,2017,organized.crime,kidnapping.and.human.trafficking,raw,1728,7
VER,2017,organized.crime,organized.crime,raw,38,9
VER,2017,organized.crime,retail.drug.sales,raw,296,8
VER,2017,violent.crime,assault,raw,18739.52381,5
VER,2017,violent.crime,family.violence,raw,19289.88095,4
VER,2017,violent.crime,robbery,raw,53691.20713,2
VER,2017,violent.crime,sexual.assault,raw,3540,3
VER,2018,firearms.crime,assault.with.a.firearm,raw,586.9090909,11
VER,2018,firearms.crime,homicide.with.a.firearm,raw,961.0909091,10
VER,2018,homicide,homicide,raw,1714.909091,1
VER,2018,organized.crime,extortion,raw,3695.328,6
VER,2018,organized.crime,kidnapping.and.human.trafficking,raw,1378.909091,7
VER,2018,organized.crime,organized.crime,raw,62.18181818,9
VER,2018,organized.crime,retail.drug.sales,raw,338.1818182,8
VER,2018,violent.crime,assault,raw,17945.97403,5
VER,2018,violent.crime,family.violence,raw,16058.18182,4
VER,2018,violent.crime,robbery,raw,43955.74489,2
VER,2018,violent.crime,sexual.assault,raw,3122.181818,3
YUC,2015,firearms.crime,assault.with.a.firearm,raw,48,11
YUC,2015,firearms.crime,homicide.with.a.firearm,raw,10,10
YUC,2015,homicide,homicide,raw,53,1
YUC,2015,organized.crime,extortion,raw,528.3076923,6
YUC,2015,organized.crime,kidnapping.and.human.trafficking,raw,0,7
YUC,2015,organized.crime,organized.crime,raw,60,9
YUC,2015,organized.crime,retail.drug.sales,raw,179,8
YUC,2015,violent.crime,assault,raw,8342.829268,5
YUC,2015,violent.crime,family.violence,raw,4447.585366,4
YUC,2015,violent.crime,robbery,raw,1015.609375,2
YUC,2015,violent.crime,sexual.assault,raw,6138,3
YUC,2016,firearms.crime,assault.with.a.firearm,raw,60,11
YUC,2016,firearms.crime,homicide.with.a.firearm,raw,7,10
YUC,2016,homicide,homicide,raw,51,1
YUC,2016,organized.crime,extortion,raw,442.8461538,6
YUC,2016,organized.crime,kidnapping.and.human.trafficking,raw,1,7
YUC,2016,organized.crime,organized.crime,raw,59,9
YUC,2016,organized.crime,retail.drug.sales,raw,270,8
YUC,2016,violent.crime,assault,raw,7637.97561,5
YUC,2016,violent.crime,family.violence,raw,4678.414634,4
YUC,2016,violent.crime,robbery,raw,633.53125,2
YUC,2016,violent.crime,sexual.assault,raw,6156,3
YUC,2017,firearms.crime,assault.with.a.firearm,raw,30,11
YUC,2017,firearms.crime,homicide.with.a.firearm,raw,4,10
YUC,2017,homicide,homicide,raw,47,1
YUC,2017,organized.crime,extortion,raw,256.3846154,6
YUC,2017,organized.crime,kidnapping.and.human.trafficking,raw,0,7
YUC,2017,organized.crime,organized.crime,raw,59,9
YUC,2017,organized.crime,retail.drug.sales,raw,370,8
YUC,2017,violent.crime,assault,raw,3693.268293,5
YUC,2017,violent.crime,family.violence,raw,5502.804878,4
YUC,2017,violent.crime,robbery,raw,300.4375,2
YUC,2017,violent.crime,sexual.assault,raw,6021,3
YUC,2018,firearms.crime,assault.with.a.firearm,raw,15.27272727,11
YUC,2018,firearms.crime,homicide.with.a.firearm,raw,8.727272727,10
YUC,2018,homicide,homicide,raw,55.63636364,1
YUC,2018,organized.crime,extortion,raw,33.9020979,6
YUC,2018,organized.crime,kidnapping.and.human.trafficking,raw,7.636363636,7
YUC,2018,organized.crime,organized.crime,raw,52.36363636,9
YUC,2018,organized.crime,retail.drug.sales,raw,225.8181818,8
YUC,2018,violent.crime,assault,raw,960.0399113,5
YUC,2018,violent.crime,family.violence,raw,4060.496674,4
YUC,2018,violent.crime,robbery,raw,285,2
YUC,2018,violent.crime,sexual.assault,raw,3259.636364,3
ZAC,2015,firearms.crime,assault.with.a.firearm,raw,104,11
ZAC,2015,firearms.crime,homicide.with.a.firearm,raw,203,10
ZAC,2015,homicide,homicide,raw,286,1
ZAC,2015,organized.crime,extortion,raw,1292.375,6
ZAC,2015,organized.crime,kidnapping.and.human.trafficking,raw,68,7
ZAC,2015,organized.crime,organized.crime,raw,70,9
ZAC,2015,organized.crime,retail.drug.sales,raw,93,8
ZAC,2015,violent.crime,assault,raw,10445.55556,5
ZAC,2015,violent.crime,family.violence,raw,3470.833333,4
ZAC,2015,violent.crime,robbery,raw,8160.675182,2
ZAC,2015,violent.crime,sexual.assault,raw,612.5,3
ZAC,2016,firearms.crime,assault.with.a.firearm,raw,110,11
ZAC,2016,firearms.crime,homicide.with.a.firearm,raw,434,10
ZAC,2016,homicide,homicide,raw,563,1
ZAC,2016,organized.crime,extortion,raw,1081.375,6
ZAC,2016,organized.crime,kidnapping.and.human.trafficking,raw,100,7
ZAC,2016,organized.crime,organized.crime,raw,34,9
ZAC,2016,organized.crime,retail.drug.sales,raw,116,8
ZAC,2016,violent.crime,assault,raw,9727.777778,5
ZAC,2016,violent.crime,family.violence,raw,5076.388889,4
ZAC,2016,violent.crime,robbery,raw,7007.116788,2
ZAC,2016,violent.crime,sexual.assault,raw,679,3
ZAC,2017,firearms.crime,assault.with.a.firearm,raw,117,11
ZAC,2017,firearms.crime,homicide.with.a.firearm,raw,555,10
ZAC,2017,homicide,homicide,raw,688,1
ZAC,2017,organized.crime,extortion,raw,2597.9375,6
ZAC,2017,organized.crime,kidnapping.and.human.trafficking,raw,162,7
ZAC,2017,organized.crime,organized.crime,raw,66,9
ZAC,2017,organized.crime,retail.drug.sales,raw,232,8
ZAC,2017,violent.crime,assault,raw,9255.555556,5
ZAC,2017,violent.crime,family.violence,raw,7602.777778,4
ZAC,2017,violent.crime,robbery,raw,7817.609489,2
ZAC,2017,violent.crime,sexual.assault,raw,644,3
ZAC,2018,firearms.crime,assault.with.a.firearm,raw,135.2727273,11
ZAC,2018,firearms.crime,homicide.with.a.firearm,raw,518.1818182,10
ZAC,2018,homicide,homicide,raw,696,1
ZAC,2018,organized.crime,extortion,raw,3165,6
ZAC,2018,organized.crime,kidnapping.and.human.trafficking,raw,100.3636364,7
ZAC,2018,organized.crime,organized.crime,raw,70.90909091,9
ZAC,2018,organized.crime,retail.drug.sales,raw,364.3636364,8
ZAC,2018,violent.crime,assault,raw,9793.030303,5
ZAC,2018,violent.crime,family.violence,raw,10225.75758,4
ZAC,2018,violent.crime,robbery,raw,7929.495687,2
ZAC,2018,violent.crime,sexual.assault,raw,801.8181818,3
AGU,2019,firearms.crime,assault.with.a.firearm,raw,82.90909091,11
AGU,2019,firearms.crime,homicide.with.a.firearm,raw,45.81818182,10
AGU,2019,homicide,homicide,raw,84,1
AGU,2019,organized.crime,extortion,raw,734.3094778,6
AGU,2019,organized.crime,kidnapping.and.human.trafficking,raw,36,7
AGU,2019,organized.crime,organized.crime,raw,100.3636364,9
AGU,2019,organized.crime,retail.drug.sales,raw,1676.727273,8
AGU,2019,violent.crime,assault,raw,14909.83636,5
AGU,2019,violent.crime,family.violence,raw,4743.6,4
AGU,2019,violent.crime,robbery,raw,11055.11797,2
AGU,2019,violent.crime,sexual.assault,raw,8064,3
BCN,2019,firearms.crime,assault.with.a.firearm,raw,910.9090909,11
BCN,2019,firearms.crime,homicide.with.a.firearm,raw,2308.363636,10
BCN,2019,homicide,homicide,raw,3149.454545,1
BCN,2019,organized.crime,extortion,raw,967.7941681,6
BCN,2019,organized.crime,kidnapping.and.human.trafficking,raw,282.5454545,7
BCN,2019,organized.crime,organized.crime,raw,809.4545455,9
BCN,2019,organized.crime,retail.drug.sales,raw,7868.727273,8
BCN,2019,violent.crime,assault,raw,31515.35354,5
BCN,2019,violent.crime,family.violence,raw,27306.42424,4
BCN,2019,violent.crime,robbery,raw,39108.05548,2
BCN,2019,violent.crime,sexual.assault,raw,7245.662338,3
BCS,2019,firearms.crime,assault.with.a.firearm,raw,29.45454545,11
BCS,2019,firearms.crime,homicide.with.a.firearm,raw,140.7272727,10
BCS,2019,homicide,homicide,raw,197.4545455,1
BCS,2019,organized.crime,extortion,raw,1115.172414,6
BCS,2019,organized.crime,kidnapping.and.human.trafficking,raw,96,7
BCS,2019,organized.crime,organized.crime,raw,100.3636364,9
BCS,2019,organized.crime,retail.drug.sales,raw,653.4545455,8
BCS,2019,violent.crime,assault,raw,7141.558442,5
BCS,2019,violent.crime,family.violence,raw,7609.090909,4
BCS,2019,violent.crime,robbery,raw,3073.565217,2
BCS,2019,violent.crime,sexual.assault,raw,5181.818182,3
CAM,2019,firearms.crime,assault.with.a.firearm,raw,7.636363636,11
CAM,2019,firearms.crime,homicide.with.a.firearm,raw,29.45454545,10
CAM,2019,homicide,homicide,raw,76.36363636,1
CAM,2019,organized.crime,extortion,raw,143.1272727,6
CAM,2019,organized.crime,kidnapping.and.human.trafficking,raw,21.81818182,7
CAM,2019,organized.crime,organized.crime,raw,15.27272727,9
CAM,2019,organized.crime,retail.drug.sales,raw,94.90909091,8
CAM,2019,violent.crime,assault,raw,720.3519062,5
CAM,2019,violent.crime,family.violence,raw,153.4662757,4
CAM,2019,violent.crime,robbery,raw,889.025641,2
CAM,2019,violent.crime,sexual.assault,raw,946.9090909,3
COA,2019,firearms.crime,assault.with.a.firearm,raw,42.54545455,11
COA,2019,firearms.crime,homicide.with.a.firearm,raw,116.7272727,10
COA,2019,homicide,homicide,raw,250.9090909,1
COA,2019,organized.crime,extortion,raw,328.3636364,6
COA,2019,organized.crime,kidnapping.and.human.trafficking,raw,373.0909091,7
COA,2019,organized.crime,organized.crime,raw,150.5454545,9
COA,2019,organized.crime,retail.drug.sales,raw,6547.636364,8
COA,2019,violent.crime,assault,raw,17327.66234,5
COA,2019,violent.crime,family.violence,raw,27435.71429,4
COA,2019,violent.crime,robbery,raw,7251.944664,2
COA,2019,violent.crime,sexual.assault,raw,3035.454545,3
COL,2019,firearms.crime,assault.with.a.firearm,raw,46.90909091,11
COL,2019,firearms.crime,homicide.with.a.firearm,raw,567.2727273,10
COL,2019,homicide,homicide,raw,725.4545455,1
COL,2019,organized.crime,extortion,raw,353.2491145,6
COL,2019,organized.crime,kidnapping.and.human.trafficking,raw,83.45454545,7
COL,2019,organized.crime,organized.crime,raw,52.36363636,9
COL,2019,organized.crime,retail.drug.sales,raw,1108.363636,8
COL,2019,violent.crime,assault,raw,5019.98961,5
COL,2019,violent.crime,family.violence,raw,7248.623377,4
COL,2019,violent.crime,robbery,raw,3996.169279,2
COL,2019,violent.crime,sexual.assault,raw,1201.090909,3
CHP,2019,firearms.crime,assault.with.a.firearm,raw,173.4545455,11
CHP,2019,firearms.crime,homicide.with.a.firearm,raw,295.6363636,10
CHP,2019,homicide,homicide,raw,630.5454545,1
CHP,2019,organized.crime,extortion,raw,2035.636364,6
CHP,2019,organized.crime,kidnapping.and.human.trafficking,raw,353.4545455,7
CHP,2019,organized.crime,organized.crime,raw,123.2727273,9
CHP,2019,organized.crime,retail.drug.sales,raw,942.5454545,8
CHP,2019,violent.crime,assault,raw,5834.01581,5
CHP,2019,violent.crime,family.violence,raw,15015.15415,4
CHP,2019,violent.crime,robbery,raw,28834.66318,2
CHP,2019,violent.crime,sexual.assault,raw,3608.181818,3
CHH,2019,firearms.crime,assault.with.a.firearm,raw,501.8181818,11
CHH,2019,firearms.crime,homicide.with.a.firearm,raw,1566.545455,10
CHH,2019,homicide,homicide,raw,2268,1
CHH,2019,organized.crime,extortion,raw,100.9712313,6
CHH,2019,organized.crime,kidnapping.and.human.trafficking,raw,91.63636364,7
CHH,2019,organized.crime,organized.crime,raw,366.5454545,9
CHH,2019,organized.crime,retail.drug.sales,raw,7584,8
CHH,2019,violent.crime,assault,raw,18408.18569,5
CHH,2019,violent.crime,family.violence,raw,33767.02515,4
CHH,2019,violent.crime,robbery,raw,7209.156764,2
CHH,2019,violent.crime,sexual.assault,raw,8361.818182,3
DIF,2019,firearms.crime,assault.with.a.firearm,raw,1873.090909,11
DIF,2019,firearms.crime,homicide.with.a.firearm,raw,981.8181818,10
DIF,2019,homicide,homicide,raw,1365.818182,1
DIF,2019,organized.crime,extortion,raw,3774.294146,6
DIF,2019,organized.crime,kidnapping.and.human.trafficking,raw,369.0909091,7
DIF,2019,organized.crime,organized.crime,raw,446.1818182,9
DIF,2019,organized.crime,retail.drug.sales,raw,6066.545455,8
DIF,2019,violent.crime,assault,raw,34376.54026,5
DIF,2019,violent.crime,family.violence,raw,60885.91169,4
DIF,2019,violent.crime,robbery,raw,253030.0285,2
DIF,2019,violent.crime,sexual.assault,raw,5283.428571,3
DUR,2019,firearms.crime,assault.with.a.firearm,raw,41.45454545,11
DUR,2019,firearms.crime,homicide.with.a.firearm,raw,111.2727273,10
DUR,2019,homicide,homicide,raw,183.2727273,1
DUR,2019,organized.crime,extortion,raw,893.7142857,6
DUR,2019,organized.crime,kidnapping.and.human.trafficking,raw,52.36363636,7
DUR,2019,organized.crime,organized.crime,raw,145.0909091,9
DUR,2019,organized.crime,retail.drug.sales,raw,1114.909091,8
DUR,2019,violent.crime,assault,raw,13087.37799,5
DUR,2019,violent.crime,family.violence,raw,16774.27751,4
DUR,2019,violent.crime,robbery,raw,5810.776238,2
DUR,2019,violent.crime,sexual.assault,raw,986.6181818,3
GUA,2019,firearms.crime,assault.with.a.firearm,raw,1024.363636,11
GUA,2019,firearms.crime,homicide.with.a.firearm,raw,2732.727273,10
GUA,2019,homicide,homicide,raw,3281.454545,1
GUA,2019,organized.crime,extortion,raw,103.2121212,6
GUA,2019,organized.crime,kidnapping.and.human.trafficking,raw,84,7
GUA,2019,organized.crime,organized.crime,raw,211.6363636,9
GUA,2019,organized.crime,retail.drug.sales,raw,8640,8
GUA,2019,violent.crime,assault,raw,66991.30435,5
GUA,2019,violent.crime,family.violence,raw,45699.60474,4
GUA,2019,violent.crime,robbery,raw,56522.97521,2
GUA,2019,violent.crime,sexual.assault,raw,5341.090909,3
GRO,2019,firearms.crime,assault.with.a.firearm,raw,425.4545455,11
GRO,2019,firearms.crime,homicide.with.a.firearm,raw,1724.727273,10
GRO,2019,homicide,homicide,raw,2525.454545,1
GRO,2019,organized.crime,extortion,raw,5688.75,6
GRO,2019,organized.crime,kidnapping.and.human.trafficking,raw,179.5324675,7
GRO,2019,organized.crime,organized.crime,raw,278.1818182,9
GRO,2019,organized.crime,retail.drug.sales,raw,262.9090909,8
GRO,2019,violent.crime,assault,raw,18971.49877,5
GRO,2019,violent.crime,family.violence,raw,13377.7887,4
GRO,2019,violent.crime,robbery,raw,33063.82707,2
GRO,2019,violent.crime,sexual.assault,raw,6021.818182,3
HID,2019,firearms.crime,assault.with.a.firearm,raw,197.4545455,11
HID,2019,firearms.crime,homicide.with.a.firearm,raw,151.6363636,10
HID,2019,homicide,homicide,raw,252,1
HID,2019,organized.crime,extortion,raw,991.737582,6
HID,2019,organized.crime,kidnapping.and.human.trafficking,raw,60.54545455,7
HID,2019,organized.crime,organized.crime,raw,39.27272727,9
HID,2019,organized.crime,retail.drug.sales,raw,285.8181818,8
HID,2019,violent.crime,assault,raw,18691.61538,5
HID,2019,violent.crime,family.violence,raw,13376.26573,4
HID,2019,violent.crime,robbery,raw,20700.68246,2
HID,2019,violent.crime,sexual.assault,raw,9094.909091,3
JAL,2019,firearms.crime,assault.with.a.firearm,raw,829.0909091,11
JAL,2019,firearms.crime,homicide.with.a.firearm,raw,1515.272727,10
JAL,2019,homicide,homicide,raw,2404.363636,1
JAL,2019,organized.crime,extortion,raw,5782.575401,6
JAL,2019,organized.crime,kidnapping.and.human.trafficking,raw,40.90909091,7
JAL,2019,organized.crime,organized.crime,raw,829.0909091,9
JAL,2019,organized.crime,retail.drug.sales,raw,2386.909091,8
JAL,2019,violent.crime,assault,raw,40059.84689,5
JAL,2019,violent.crime,family.violence,raw,27342.27751,4
JAL,2019,violent.crime,robbery,raw,74173.01435,2
JAL,2019,violent.crime,sexual.assault,raw,17928,3
MEX,2019,firearms.crime,assault.with.a.firearm,raw,1479.272727,11
MEX,2019,firearms.crime,homicide.with.a.firearm,raw,1797.818182,10
MEX,2019,homicide,homicide,raw,2720.727273,1
MEX,2019,organized.crime,extortion,raw,11508.46281,6
MEX,2019,organized.crime,kidnapping.and.human.trafficking,raw,864,7
MEX,2019,organized.crime,organized.crime,raw,345.8181818,9
MEX,2019,organized.crime,retail.drug.sales,raw,1975.636364,8
MEX,2019,violent.crime,assault,raw,149117.2727,5
MEX,2019,violent.crime,family.violence,raw,26163.45455,4
MEX,2019,violent.crime,robbery,raw,425023.9878,2
MEX,2019,violent.crime,sexual.assault,raw,7296.363636,3
MIC,2019,firearms.crime,assault.with.a.firearm,raw,982.9090909,11
MIC,2019,firearms.crime,homicide.with.a.firearm,raw,1312.363636,10
MIC,2019,homicide,homicide,raw,1645.090909,1
MIC,2019,organized.crime,extortion,raw,35.46928747,6
MIC,2019,organized.crime,kidnapping.and.human.trafficking,raw,259.6363636,7
MIC,2019,organized.crime,organized.crime,raw,269.4545455,9
MIC,2019,organized.crime,retail.drug.sales,raw,2263.636364,8
MIC,2019,violent.crime,assault,raw,22161.42149,5
MIC,2019,violent.crime,family.violence,raw,3776.876033,4
MIC,2019,violent.crime,robbery,raw,33194.99813,2
MIC,2019,violent.crime,sexual.assault,raw,8808,3
MOR,2019,firearms.crime,assault.with.a.firearm,raw,0,11
MOR,2019,firearms.crime,homicide.with.a.firearm,raw,566.1818182,10
MOR,2019,homicide,homicide,raw,792,1
MOR,2019,organized.crime,extortion,raw,230.3785395,6
MOR,2019,organized.crime,kidnapping.and.human.trafficking,raw,132.4675325,7
MOR,2019,organized.crime,organized.crime,raw,40.36363636,9
MOR,2019,organized.crime,retail.drug.sales,raw,756,8
MOR,2019,violent.crime,assault,raw,16559.38017,5
MOR,2019,violent.crime,family.violence,raw,17912.10744,4
MOR,2019,violent.crime,robbery,raw,20899.80432,2
MOR,2019,violent.crime,sexual.assault,raw,10854.54545,3
NAY,2019,firearms.crime,assault.with.a.firearm,raw,32.72727273,11
NAY,2019,firearms.crime,homicide.with.a.firearm,raw,291.2727273,10
NAY,2019,homicide,homicide,raw,423.2727273,1
NAY,2019,organized.crime,extortion,raw,58.02020202,6
NAY,2019,organized.crime,kidnapping.and.human.trafficking,raw,480,7
NAY,2019,organized.crime,organized.crime,raw,82.90909091,9
NAY,2019,organized.crime,retail.drug.sales,raw,349.0909091,8
NAY,2019,violent.crime,assault,raw,655.1097179,5
NAY,2019,violent.crime,family.violence,raw,1069.504702,4
NAY,2019,violent.crime,robbery,raw,781.2654545,2
NAY,2019,violent.crime,sexual.assault,raw,232.2077922,3
NLE,2019,firearms.crime,assault.with.a.firearm,raw,466.9090909,11
NLE,2019,firearms.crime,homicide.with.a.firearm,raw,547.6363636,10
NLE,2019,homicide,homicide,raw,792,1
NLE,2019,organized.crime,extortion,raw,8613.818182,6
NLE,2019,organized.crime,kidnapping.and.human.trafficking,raw,265.4545455,7
NLE,2019,organized.crime,organized.crime,raw,228,9
NLE,2019,organized.crime,retail.drug.sales,raw,2540.727273,8
NLE,2019,violent.crime,assault,raw,31694.38017,5
NLE,2019,violent.crime,family.violence,raw,53378.18182,4
NLE,2019,violent.crime,robbery,raw,22845.1739,2
NLE,2019,violent.crime,sexual.assault,raw,12430.09091,3
OAX,2019,firearms.crime,assault.with.a.firearm,raw,403.6363636,11
OAX,2019,firearms.crime,homicide.with.a.firearm,raw,955.6363636,10
OAX,2019,homicide,homicide,raw,1224,1
OAX,2019,organized.crime,extortion,raw,1249.636364,6
OAX,2019,organized.crime,kidnapping.and.human.trafficking,raw,231.2727273,7
OAX,2019,organized.crime,organized.crime,raw,82.90909091,9
OAX,2019,organized.crime,retail.drug.sales,raw,340.3636364,8
OAX,2019,violent.crime,assault,raw,19410.81081,5
OAX,2019,violent.crime,family.violence,raw,15298.05405,4
OAX,2019,violent.crime,robbery,raw,24845.03497,2
OAX,2019,violent.crime,sexual.assault,raw,15761.45455,3
PUE,2019,firearms.crime,assault.with.a.firearm,raw,401.4545455,11
PUE,2019,firearms.crime,homicide.with.a.firearm,raw,877.0909091,10
PUE,2019,homicide,homicide,raw,1311.272727,1
PUE,2019,organized.crime,extortion,raw,1725.619835,6
PUE,2019,organized.crime,kidnapping.and.human.trafficking,raw,122.1818182,7
PUE,2019,organized.crime,organized.crime,raw,97.09090909,9
PUE,2019,organized.crime,retail.drug.sales,raw,252,8
PUE,2019,violent.crime,assault,raw,9161.25974,5
PUE,2019,violent.crime,family.violence,raw,21886.12987,4
PUE,2019,violent.crime,robbery,raw,91720.51644,2
PUE,2019,violent.crime,sexual.assault,raw,8754.545455,3
QUE,2019,firearms.crime,assault.with.a.firearm,raw,125.4545455,11
QUE,2019,firearms.crime,homicide.with.a.firearm,raw,102.5454545,10
QUE,2019,homicide,homicide,raw,193.0909091,1
QUE,2019,organized.crime,extortion,raw,656.0597015,6
QUE,2019,organized.crime,kidnapping.and.human.trafficking,raw,46.54545455,7
QUE,2019,organized.crime,organized.crime,raw,184.3636364,9
QUE,2019,organized.crime,retail.drug.sales,raw,1133.454545,8
QUE,2019,violent.crime,assault,raw,19721.45455,5
QUE,2019,violent.crime,family.violence,raw,4718.915702,4
QUE,2019,violent.crime,robbery,raw,15196.07905,2
QUE,2019,violent.crime,sexual.assault,raw,2785.090909,3
ROO,2019,firearms.crime,assault.with.a.firearm,raw,257.4545455,11
ROO,2019,firearms.crime,homicide.with.a.firearm,raw,501.8181818,10
ROO,2019,homicide,homicide,raw,768,1
ROO,2019,organized.crime,extortion,raw,1352.816692,6
ROO,2019,organized.crime,kidnapping.and.human.trafficking,raw,576,7
ROO,2019,organized.crime,organized.crime,raw,136.3636364,9
ROO,2019,organized.crime,retail.drug.sales,raw,510.5454545,8
ROO,2019,violent.crime,assault,raw,10448.45455,5
ROO,2019,violent.crime,family.violence,raw,13018.90909,4
ROO,2019,violent.crime,robbery,raw,20776.05119,2
ROO,2019,violent.crime,sexual.assault,raw,1800.727273,3
SLP,2019,firearms.crime,assault.with.a.firearm,raw,205.0909091,11
SLP,2019,firearms.crime,homicide.with.a.firearm,raw,401.4545455,10
SLP,2019,homicide,homicide,raw,567.2727273,1
SLP,2019,organized.crime,extortion,raw,1616.170213,6
SLP,2019,organized.crime,kidnapping.and.human.trafficking,raw,116.3636364,7
SLP,2019,organized.crime,organized.crime,raw,292.3636364,9
SLP,2019,organized.crime,retail.drug.sales,raw,507.2727273,8
SLP,2019,violent.crime,assault,raw,11110.90909,5
SLP,2019,violent.crime,family.violence,raw,18346.90909,4
SLP,2019,violent.crime,robbery,raw,22602.04651,2
SLP,2019,violent.crime,sexual.assault,raw,3069.090909,3
SIN,2019,firearms.crime,assault.with.a.firearm,raw,245.4545455,11
SIN,2019,firearms.crime,homicide.with.a.firearm,raw,860.7272727,10
SIN,2019,homicide,homicide,raw,1133.454545,1
SIN,2019,organized.crime,extortion,raw,1042.875,6
SIN,2019,organized.crime,kidnapping.and.human.trafficking,raw,40.72727273,7
SIN,2019,organized.crime,organized.crime,raw,476.7272727,9
SIN,2019,organized.crime,retail.drug.sales,raw,819.2727273,8
SIN,2019,violent.crime,assault,raw,11264.05594,5
SIN,2019,violent.crime,family.violence,raw,15313.56643,4
SIN,2019,violent.crime,robbery,raw,21338.19967,2
SIN,2019,violent.crime,sexual.assault,raw,5155.636364,3
SON,2019,firearms.crime,assault.with.a.firearm,raw,146.1818182,11
SON,2019,firearms.crime,homicide.with.a.firearm,raw,565.0909091,10
SON,2019,homicide,homicide,raw,881.4545455,1
SON,2019,organized.crime,extortion,raw,79.88269795,6
SON,2019,organized.crime,kidnapping.and.human.trafficking,raw,4.909090909,7
SON,2019,organized.crime,organized.crime,raw,434.1818182,9
SON,2019,organized.crime,retail.drug.sales,raw,691.6363636,8
SON,2019,violent.crime,assault,raw,4595.920177,5
SON,2019,violent.crime,family.violence,raw,6288.026608,4
SON,2019,violent.crime,robbery,raw,11239.0041,2
SON,2019,violent.crime,sexual.assault,raw,891.9272727,3
TAB,2019,firearms.crime,assault.with.a.firearm,raw,160.3636364,11
TAB,2019,firearms.crime,homicide.with.a.firearm,raw,329.4545455,10
TAB,2019,homicide,homicide,raw,561.8181818,1
TAB,2019,organized.crime,extortion,raw,1548.45933,6
TAB,2019,organized.crime,kidnapping.and.human.trafficking,raw,1152,7
TAB,2019,organized.crime,organized.crime,raw,13.09090909,9
TAB,2019,organized.crime,retail.drug.sales,raw,118.9090909,8
TAB,2019,violent.crime,assault,raw,10518.59155,5
TAB,2019,violent.crime,family.violence,raw,15142.8169,4
TAB,2019,violent.crime,robbery,raw,53898.15099,2
TAB,2019,violent.crime,sexual.assault,raw,3883.090909,3
TAM,2019,firearms.crime,assault.with.a.firearm,raw,295.6363636,11
TAM,2019,firearms.crime,homicide.with.a.firearm,raw,735.2727273,10
TAM,2019,homicide,homicide,raw,1113.818182,1
TAM,2019,organized.crime,extortion,raw,2541.102832,6
TAM,2019,organized.crime,kidnapping.and.human.trafficking,raw,840,7
TAM,2019,organized.crime,organized.crime,raw,218.1818182,9
TAM,2019,organized.crime,retail.drug.sales,raw,269.4545455,8
TAM,2019,violent.crime,assault,raw,16919.70248,5
TAM,2019,violent.crime,family.violence,raw,28248.39669,4
TAM,2019,violent.crime,robbery,raw,27940.92807,2
TAM,2019,violent.crime,sexual.assault,raw,16114.90909,3
TLA,2019,firearms.crime,assault.with.a.firearm,raw,14.18181818,11
TLA,2019,firearms.crime,homicide.with.a.firearm,raw,80.72727273,10
TLA,2019,homicide,homicide,raw,140.7272727,1
TLA,2019,organized.crime,extortion,raw,9.050505051,6
TLA,2019,organized.crime,kidnapping.and.human.trafficking,raw,63.27272727,7
TLA,2019,organized.crime,organized.crime,raw,10.90909091,9
TLA,2019,organized.crime,retail.drug.sales,raw,110.1818182,8
TLA,2019,violent.crime,assault,raw,946.5734266,5
TLA,2019,violent.crime,family.violence,raw,384.5454545,4
TLA,2019,violent.crime,robbery,raw,7741.833558,2
TLA,2019,violent.crime,sexual.assault,raw,2762.181818,3
VER,2019,firearms.crime,assault.with.a.firearm,raw,586.9090909,11
VER,2019,firearms.crime,homicide.with.a.firearm,raw,961.0909091,10
VER,2019,homicide,homicide,raw,1714.909091,1
VER,2019,organized.crime,extortion,raw,3695.328,6
VER,2019,organized.crime,kidnapping.and.human.trafficking,raw,1378.909091,7
VER,2019,organized.crime,organized.crime,raw,62.18181818,9
VER,2019,organized.crime,retail.drug.sales,raw,338.1818182,8
VER,2019,violent.crime,assault,raw,17945.97403,5
VER,2019,violent.crime,family.violence,raw,16058.18182,4
VER,2019,violent.crime,robbery,raw,43955.74489,2
VER,2019,violent.crime,sexual.assault,raw,3122.181818,3
YUC,2019,firearms.crime,assault.with.a.firearm,raw,15.27272727,11
YUC,2019,firearms.crime,homicide.with.a.firearm,raw,8.727272727,10
YUC,2019,homicide,homicide,raw,55.63636364,1
YUC,2019,organized.crime,extortion,raw,33.9020979,6
YUC,2019,organized.crime,kidnapping.and.human.trafficking,raw,7.636363636,7
YUC,2019,organized.crime,organized.crime,raw,52.36363636,9
YUC,2019,organized.crime,retail.drug.sales,raw,225.8181818,8
YUC,2019,violent.crime,assault,raw,960.0399113,5
YUC,2019,violent.crime,family.violence,raw,4060.496674,4
YUC,2019,violent.crime,robbery,raw,285,2
YUC,2019,violent.crime,sexual.assault,raw,3259.636364,3
ZAC,2019,firearms.crime,assault.with.a.firearm,raw,135.2727273,11
ZAC,2019,firearms.crime,homicide.with.a.firearm,raw,518.1818182,10
ZAC,2019,homicide,homicide,raw,696,1
ZAC,2019,organized.crime,extortion,raw,3165,6
ZAC,2019,organized.crime,kidnapping.and.human.trafficking,raw,100.3636364,7
ZAC,2019,organized.crime,organized.crime,raw,70.90909091,9
ZAC,2019,organized.crime,retail.drug.sales,raw,364.3636364,8
ZAC,2019,violent.crime,assault,raw,9793.030303,5
ZAC,2019,violent.crime,family.violence,raw,10225.75758,4
ZAC,2019,violent.crime,robbery,raw,7929.495687,2
ZAC,2019,violent.crime,sexual.assault,raw,801.8181818,3
